id,businessLineSlug,categorySlug,type,nameEn,nameAr,shortDescEn,shortDescAr,longDescEn,longDescAr,amountMinEgp,amountMaxEgp,tenureMinMonths,tenureMaxMonths,installmentPeriod,flatInterestRatePct,decliningInterestRatePct,adminFeePct,adminFeeMinEgp,adminFeeMaxEgp,insuranceRequired,minDownPaymentPct,earlySettlementFeePct,latePaymentFeePct,isActive
cmjyrdcwo0wc7yif1kkyo3bwc,consumer-financing,auto-loan,AUTO_LOAN,New Economy,الاقتصادية الجديدة,A standard auto loan option.,تمويل السيارات - الباقة القياسية.,"A standard auto loan option, offered at a competitive financing cost with a 20% down payment. A 16.42% flat rate (29.05% declining), terms run 12–36 months, you arrange your own external motor insurance, early settlement isn't available, so it best suits customers planning to keep the facility to term. Finance from EGP 15,000 up to EGP 8,000,000.","تمويل السيارات - الباقة القياسية، ويُقدَّم بتكلفة تمويل تنافسية بمقدم 20%. بمعدل ثابت 16.42% (متناقص 29.05%)، وفترة سداد من 12 إلى 36 شهرًا، مع تأمين خارجي على الأصل يوفّره العميل، السداد المبكر غير متاح، لذا يناسب من ينوي الاستمرار حتى نهاية المدة. تمويل من 15,000 إلى 8,000,000 جنيه.",15000,8000000,12,36,MONTHLY,16.42,29.05,,60000,,TRUE,20,0,10,TRUE
cm56f67h16l7yultserzswll8,consumer-financing,auto-loan,AUTO_LOAN,Economy Plus,الاقتصادية بلس,A standard auto loan option.,تمويل السيارات - الباقة القياسية.,"A standard auto loan option, offered at an above-average cost for added flexibility with a 20% down payment. A 19.06% flat rate (33.5% declining), terms run 12–60 months, you arrange your own external motor insurance, early settlement is available. Finance from EGP 15,000 up to EGP 8,000,000.","تمويل السيارات - الباقة القياسية، ويُقدَّم بتكلفة أعلى من المتوسط مقابل مرونة إضافية بمقدم 20%. بمعدل ثابت 19.06% (متناقص 33.5%)، وفترة سداد من 12 إلى 60 شهرًا، مع تأمين خارجي على الأصل يوفّره العميل، مع إتاحة السداد المبكر. تمويل من 15,000 إلى 8,000,000 جنيه.",15000,8000000,12,60,MONTHLY,19.06,33.5,,60000,,TRUE,20,3,10,TRUE
cmh7g6thf39iq9z8lt9f4x0sk,consumer-financing,auto-loan,AUTO_LOAN,New Flexible,المرنة الجديدة,A standard auto loan option.,تمويل السيارات - الباقة القياسية.,"A standard auto loan option, offered at an above-average cost for added flexibility with a 20% down payment. A 20.11% flat rate (35.25% declining), terms run 36–60 months, you arrange your own external motor insurance, early settlement is available. Finance from EGP 15,000 up to EGP 8,000,000. It also offers a residual/balloon option (up to 25%) to keep monthly installments lower.","تمويل السيارات - الباقة القياسية، ويُقدَّم بتكلفة أعلى من المتوسط مقابل مرونة إضافية بمقدم 20%. بمعدل ثابت 20.11% (متناقص 35.25%)، وفترة سداد من 36 إلى 60 شهرًا، مع تأمين خارجي على الأصل يوفّره العميل، مع إتاحة السداد المبكر. تمويل من 15,000 إلى 8,000,000 جنيه. كما يتيح خيار القيمة المتبقية (حتى 25%) لتخفيض القسط الشهري.",15000,8000000,36,60,MONTHLY,20.11,35.25,,60000,,TRUE,20,2,10,TRUE
cm9h7wn9eqnddmxb47sv6riui,consumer-financing,auto-loan,AUTO_LOAN,Flexible Plus,المرنة بلس,A standard auto loan option.,تمويل السيارات - الباقة القياسية.,"A standard auto loan option, offered at a premium cost reflecting maximum flexibility with a 20% down payment. A 21.0% flat rate (36.75% declining), terms run 12–60 months, total-loss cover is built in, so no separate policy is needed, early settlement is available. Finance from EGP 15,000 up to EGP 8,000,000. It also offers a residual/balloon option (up to 25%) to keep monthly installments lower.","تمويل السيارات - الباقة القياسية، ويُقدَّم بتكلفة مرتفعة مقابل أقصى مرونة بمقدم 20%. بمعدل ثابت 21.0% (متناقص 36.75%)، وفترة سداد من 12 إلى 60 شهرًا، ويشمل تغطية الخسارة الكلية دون وثيقة منفصلة، مع إتاحة السداد المبكر. تمويل من 15,000 إلى 8,000,000 جنيه. كما يتيح خيار القيمة المتبقية (حتى 25%) لتخفيض القسط الشهري.",15000,8000000,12,60,MONTHLY,21,36.75,,60000,,FALSE,20,0,10,TRUE
cmu1r1pgdb6p1xds7qe8yxbeq,consumer-financing,auto-loan,AUTO_LOAN,Corporate,الشركات,A auto loan option built for corporate and business customers.,تمويل السيارات - باقة الشركات.,"A auto loan option built for corporate and business customers, offered at a mid-range cost with a low 10% down payment. A 17.72% flat rate (31.25% declining), terms run 24–60 months, you arrange your own external motor insurance, early settlement is available. Finance from EGP 15,000 up to EGP 8,000,000.","تمويل السيارات - باقة الشركات، ويُقدَّم بتكلفة متوسطة بمقدم منخفض 10%. بمعدل ثابت 17.72% (متناقص 31.25%)، وفترة سداد من 24 إلى 60 شهرًا، مع تأمين خارجي على الأصل يوفّره العميل، مع إتاحة السداد المبكر. تمويل من 15,000 إلى 8,000,000 جنيه.",15000,8000000,24,60,MONTHLY,17.72,31.25,,60000,,TRUE,10,3,10,TRUE
cm1cxarxbg026p5v0cg9jv4rh,consumer-financing,auto-loan,AUTO_LOAN,Corporate Company Used Car,الشركات سيارات الشركة المستعملة,"A auto loan option built for corporate and business customers, for used vehicles (subject to car-age and mileage limits).","تمويل السيارات - باقة الشركات، للمركبات المستعملة (وفق حدود العمر والكيلومترات).","A auto loan option built for corporate and business customers, for used vehicles (subject to car-age and mileage limits), offered at a mid-range cost with a low 10% down payment. A 17.72% flat rate (31.25% declining), terms run 24–60 months, you arrange your own external motor insurance, early settlement is available. Finance from EGP 15,000 up to EGP 8,000,000.","تمويل السيارات - باقة الشركات، للمركبات المستعملة (وفق حدود العمر والكيلومترات)، ويُقدَّم بتكلفة متوسطة بمقدم منخفض 10%. بمعدل ثابت 17.72% (متناقص 31.25%)، وفترة سداد من 24 إلى 60 شهرًا، مع تأمين خارجي على الأصل يوفّره العميل، مع إتاحة السداد المبكر. تمويل من 15,000 إلى 8,000,000 جنيه.",15000,8000000,24,60,MONTHLY,17.72,31.25,,60000,,TRUE,10,3,10,TRUE
cmk9twdf8a63g2ixi37rugc14,consumer-financing,auto-loan,AUTO_LOAN,Used Flexible,المستعملة المرنة,"A standard auto loan option, for used vehicles (subject to car-age and mileage limits).","تمويل السيارات - الباقة القياسية، للمركبات المستعملة (وفق حدود العمر والكيلومترات).","A standard auto loan option, for used vehicles (subject to car-age and mileage limits), offered at an above-average cost for added flexibility with a 20% down payment. A 19.51% flat rate (34.25% declining), terms run 12–60 months, total-loss cover is built in, so no separate policy is needed, early settlement is available. Finance from EGP 15,000 up to EGP 8,000,000.","تمويل السيارات - الباقة القياسية، للمركبات المستعملة (وفق حدود العمر والكيلومترات)، ويُقدَّم بتكلفة أعلى من المتوسط مقابل مرونة إضافية بمقدم 20%. بمعدل ثابت 19.51% (متناقص 34.25%)، وفترة سداد من 12 إلى 60 شهرًا، ويشمل تغطية الخسارة الكلية دون وثيقة منفصلة، مع إتاحة السداد المبكر. تمويل من 15,000 إلى 8,000,000 جنيه.",15000,8000000,12,60,MONTHLY,19.51,34.25,,60000,,FALSE,20,0,10,TRUE
cmzfltn7rohwawy84phjy10mb,consumer-financing,auto-loan,AUTO_LOAN,Corporate - Used,الشركات - المستعملة,"A auto loan option built for corporate and business customers, for used vehicles (subject to car-age and mileage limits).","تمويل السيارات - باقة الشركات، للمركبات المستعملة (وفق حدود العمر والكيلومترات).","A auto loan option built for corporate and business customers, for used vehicles (subject to car-age and mileage limits), offered at a competitive financing cost with a low 10% down payment. A 16.42% flat rate (29.05% declining), terms run 12–60 months, total-loss cover is built in, so no separate policy is needed, early settlement is available. Finance from EGP 15,000 up to EGP 8,000,000.","تمويل السيارات - باقة الشركات، للمركبات المستعملة (وفق حدود العمر والكيلومترات)، ويُقدَّم بتكلفة تمويل تنافسية بمقدم منخفض 10%. بمعدل ثابت 16.42% (متناقص 29.05%)، وفترة سداد من 12 إلى 60 شهرًا، ويشمل تغطية الخسارة الكلية دون وثيقة منفصلة، مع إتاحة السداد المبكر. تمويل من 15,000 إلى 8,000,000 جنيه.",15000,8000000,12,60,MONTHLY,16.42,29.05,,60000,,FALSE,10,10,10,TRUE
cm9fx92ux6si40hhkdhntz4n6,consumer-financing,auto-loan,AUTO_LOAN,Premier,بريمير,A premium (Premier) tier of auto loan.,تمويل السيارات - الفئة المميزة (بريمير).,"A premium (Premier) tier of auto loan, offered at a competitive financing cost with a low 10% down payment. A 16.42% flat rate (29.05% declining), terms run 12–60 months, total-loss cover is built in, so no separate policy is needed, early settlement is available. Finance from EGP 15,000 up to EGP 10,000,000. It also offers a residual/balloon option (up to 40%) to keep monthly installments lower.","تمويل السيارات - الفئة المميزة (بريمير)، ويُقدَّم بتكلفة تمويل تنافسية بمقدم منخفض 10%. بمعدل ثابت 16.42% (متناقص 29.05%)، وفترة سداد من 12 إلى 60 شهرًا، ويشمل تغطية الخسارة الكلية دون وثيقة منفصلة، مع إتاحة السداد المبكر. تمويل من 15,000 إلى 10,000,000 جنيه. كما يتيح خيار القيمة المتبقية (حتى 40%) لتخفيض القسط الشهري.",15000,10000000,12,60,MONTHLY,16.42,29.05,,60000,,FALSE,10,1,10,TRUE
cm0q94xttdpq8r31p354fkkc5,consumer-financing,auto-loan,AUTO_LOAN,Premier - Used,بريمير - المستعملة,"A premium (Premier) tier of auto loan, for used vehicles (subject to car-age and mileage limits).","تمويل السيارات - الفئة المميزة (بريمير)، للمركبات المستعملة (وفق حدود العمر والكيلومترات).","A premium (Premier) tier of auto loan, for used vehicles (subject to car-age and mileage limits), offered at a mid-range cost with a low 10% down payment. A 17.01% flat rate (30.05% declining), terms run 12–60 months, total-loss cover is built in, so no separate policy is needed, early settlement is available. Finance from EGP 15,000 up to EGP 10,000,000.","تمويل السيارات - الفئة المميزة (بريمير)، للمركبات المستعملة (وفق حدود العمر والكيلومترات)، ويُقدَّم بتكلفة متوسطة بمقدم منخفض 10%. بمعدل ثابت 17.01% (متناقص 30.05%)، وفترة سداد من 12 إلى 60 شهرًا، ويشمل تغطية الخسارة الكلية دون وثيقة منفصلة، مع إتاحة السداد المبكر. تمويل من 15,000 إلى 10,000,000 جنيه.",15000,10000000,12,60,MONTHLY,17.01,30.05,,60000,,FALSE,10,1,10,TRUE
cmra1lscbf5rkfqexmj8tnjcv,consumer-financing,auto-loan,AUTO_LOAN,used cat A,المستعملة فئة أ,"A standard auto loan option, for used vehicles (subject to car-age and mileage limits).","تمويل السيارات - الباقة القياسية، للمركبات المستعملة (وفق حدود العمر والكيلومترات).","A standard auto loan option, for used vehicles (subject to car-age and mileage limits), offered at an above-average cost for added flexibility with a 20% down payment. A 20.11% flat rate (35.25% declining), terms run 12–60 months, total-loss cover is built in, so no separate policy is needed, early settlement is available. Finance from EGP 15,000 up to EGP 8,000,000.","تمويل السيارات - الباقة القياسية، للمركبات المستعملة (وفق حدود العمر والكيلومترات)، ويُقدَّم بتكلفة أعلى من المتوسط مقابل مرونة إضافية بمقدم 20%. بمعدل ثابت 20.11% (متناقص 35.25%)، وفترة سداد من 12 إلى 60 شهرًا، ويشمل تغطية الخسارة الكلية دون وثيقة منفصلة، مع إتاحة السداد المبكر. تمويل من 15,000 إلى 8,000,000 جنيه.",15000,8000000,12,60,MONTHLY,20.11,35.25,,60000,,FALSE,20,1,10,TRUE
cmz2qnsm39loca12orvxgsizf,consumer-financing,auto-loan,AUTO_LOAN,used cat B,المستعملة فئة ب,"A standard auto loan option, for used vehicles (subject to car-age and mileage limits).","تمويل السيارات - الباقة القياسية، للمركبات المستعملة (وفق حدود العمر والكيلومترات).","A standard auto loan option, for used vehicles (subject to car-age and mileage limits), offered at an above-average cost for added flexibility with a 20% down payment. A 20.11% flat rate (35.25% declining), terms run 12–60 months, total-loss cover is built in, so no separate policy is needed, early settlement is available. Finance from EGP 15,000 up to EGP 8,000,000.","تمويل السيارات - الباقة القياسية، للمركبات المستعملة (وفق حدود العمر والكيلومترات)، ويُقدَّم بتكلفة أعلى من المتوسط مقابل مرونة إضافية بمقدم 20%. بمعدل ثابت 20.11% (متناقص 35.25%)، وفترة سداد من 12 إلى 60 شهرًا، ويشمل تغطية الخسارة الكلية دون وثيقة منفصلة، مع إتاحة السداد المبكر. تمويل من 15,000 إلى 8,000,000 جنيه.",15000,8000000,12,60,MONTHLY,20.11,35.25,,60000,,FALSE,20,1,10,TRUE
cm5o2m6jmnufc9e52enko0b53,consumer-financing,auto-loan,AUTO_LOAN,Used Cat C,المستعملة فئة ج,"A standard auto loan option, for used vehicles (subject to car-age and mileage limits).","تمويل السيارات - الباقة القياسية، للمركبات المستعملة (وفق حدود العمر والكيلومترات).","A standard auto loan option, for used vehicles (subject to car-age and mileage limits), offered at an above-average cost for added flexibility with a larger 30% down payment that lowers your total financing. A 20.11% flat rate (35.25% declining), terms run 12–36 months, total-loss cover is built in, so no separate policy is needed, early settlement is available. Finance from EGP 15,000 up to EGP 8,000,000.","تمويل السيارات - الباقة القياسية، للمركبات المستعملة (وفق حدود العمر والكيلومترات)، ويُقدَّم بتكلفة أعلى من المتوسط مقابل مرونة إضافية بمقدم أكبر 30% يقلّل إجمالي التمويل. بمعدل ثابت 20.11% (متناقص 35.25%)، وفترة سداد من 12 إلى 36 شهرًا، ويشمل تغطية الخسارة الكلية دون وثيقة منفصلة، مع إتاحة السداد المبكر. تمويل من 15,000 إلى 8,000,000 جنيه.",15000,8000000,12,36,MONTHLY,20.11,35.25,,60000,,FALSE,30,1,10,TRUE
cmrmk0q70hrz2rpr3v83fzfx8,consumer-financing,auto-loan,AUTO_LOAN,Managers & Staff - New,المديرون والموظفون - الجديدة,An employees-only auto loan programme.,تمويل السيارات - باقة الموظفين.,"An employees-only auto loan programme, offered at our lowest financing cost with no down payment required. A 13.76% flat rate (24.5% declining), terms run 12–60 months, you arrange your own external motor insurance, early settlement is available. Finance from EGP 15,000 up to EGP 8,000,000. It also offers a residual/balloon option (up to 40%) to keep monthly installments lower.","تمويل السيارات - باقة الموظفين، ويُقدَّم بأقل تكلفة تمويل لدينا بدون مقدم. بمعدل ثابت 13.76% (متناقص 24.5%)، وفترة سداد من 12 إلى 60 شهرًا، مع تأمين خارجي على الأصل يوفّره العميل، مع إتاحة السداد المبكر. تمويل من 15,000 إلى 8,000,000 جنيه. كما يتيح خيار القيمة المتبقية (حتى 40%) لتخفيض القسط الشهري.",15000,8000000,12,60,MONTHLY,13.76,24.5,,0,,TRUE,0,0,10,TRUE
cmzowivlzgjlkkhrqq2fsihe0,consumer-financing,auto-loan,AUTO_LOAN,Managers & Staff - Used,المديرون والموظفون - المستعملة,"An employees-only auto loan programme, for used vehicles (subject to car-age and mileage limits).","تمويل السيارات - باقة الموظفين، للمركبات المستعملة (وفق حدود العمر والكيلومترات).","An employees-only auto loan programme, for used vehicles (subject to car-age and mileage limits), offered at our lowest financing cost with no down payment required. A 13.76% flat rate (24.5% declining), terms run 12–60 months, you arrange your own external motor insurance, early settlement is available. Finance from EGP 15,000 up to EGP 8,000,000. It also offers a residual/balloon option (up to 40%) to keep monthly installments lower.","تمويل السيارات - باقة الموظفين، للمركبات المستعملة (وفق حدود العمر والكيلومترات)، ويُقدَّم بأقل تكلفة تمويل لدينا بدون مقدم. بمعدل ثابت 13.76% (متناقص 24.5%)، وفترة سداد من 12 إلى 60 شهرًا، مع تأمين خارجي على الأصل يوفّره العميل، مع إتاحة السداد المبكر. تمويل من 15,000 إلى 8,000,000 جنيه. كما يتيح خيار القيمة المتبقية (حتى 40%) لتخفيض القسط الشهري.",15000,8000000,12,60,MONTHLY,13.76,24.5,,0,,TRUE,0,0,10,TRUE
cmg5hilb8gprm8idgck2wllxy,consumer-financing,auto-loan,AUTO_LOAN,Careem - Used,كريم - المستعملة,"A auto loan option for ride-hailing drivers, for used vehicles (subject to car-age and mileage limits).","تمويل السيارات - لسائقي خدمات النقل، للمركبات المستعملة (وفق حدود العمر والكيلومترات).","A auto loan option for ride-hailing drivers, for used vehicles (subject to car-age and mileage limits), offered at an above-average cost for added flexibility with no down payment required. A 20.11% flat rate (35.25% declining), terms run 12–36 months, total-loss cover is built in, so no separate policy is needed, early settlement is available. Finance from EGP 15,000 up to EGP 8,000,000.","تمويل السيارات - لسائقي خدمات النقل، للمركبات المستعملة (وفق حدود العمر والكيلومترات)، ويُقدَّم بتكلفة أعلى من المتوسط مقابل مرونة إضافية بدون مقدم. بمعدل ثابت 20.11% (متناقص 35.25%)، وفترة سداد من 12 إلى 36 شهرًا، ويشمل تغطية الخسارة الكلية دون وثيقة منفصلة، مع إتاحة السداد المبكر. تمويل من 15,000 إلى 8,000,000 جنيه.",15000,8000000,12,36,MONTHLY,20.11,35.25,,0,,FALSE,0,3,10,TRUE
cm5mora5laupn93hoop4y2l38,consumer-financing,auto-loan,AUTO_LOAN,TRADE-IN (NEW),الإحلال (الجديدة),A auto loan option for customers trading in their current vehicle.,تمويل السيارات - لعملاء الاستبدال.,"A auto loan option for customers trading in their current vehicle, offered at an above-average cost for added flexibility with a 20% down payment. A 18.61% flat rate (32.75% declining), terms run 12–60 months, total-loss cover is built in, so no separate policy is needed, early settlement is available. Finance from EGP 15,000 up to EGP 8,000,000.","تمويل السيارات - لعملاء الاستبدال، ويُقدَّم بتكلفة أعلى من المتوسط مقابل مرونة إضافية بمقدم 20%. بمعدل ثابت 18.61% (متناقص 32.75%)، وفترة سداد من 12 إلى 60 شهرًا، ويشمل تغطية الخسارة الكلية دون وثيقة منفصلة، مع إتاحة السداد المبكر. تمويل من 15,000 إلى 8,000,000 جنيه.",15000,8000000,12,60,MONTHLY,18.61,32.75,,60000,,FALSE,20,,10,TRUE
cm0wzg0h6lrjzd1d7qcjymaxn,consumer-financing,auto-loan,AUTO_LOAN,TRADE-IN (USED),الإحلال (المستعملة),"A auto loan option for customers trading in their current vehicle, for used vehicles (subject to car-age and mileage limits).","تمويل السيارات - لعملاء الاستبدال، للمركبات المستعملة (وفق حدود العمر والكيلومترات).","A auto loan option for customers trading in their current vehicle, for used vehicles (subject to car-age and mileage limits), offered at a premium cost reflecting maximum flexibility with a 25% down payment. A 20.7% flat rate (36.25% declining), terms run 12–60 months, total-loss cover is built in, so no separate policy is needed, early settlement is available. Finance from EGP 15,000 up to EGP 8,000,000.","تمويل السيارات - لعملاء الاستبدال، للمركبات المستعملة (وفق حدود العمر والكيلومترات)، ويُقدَّم بتكلفة مرتفعة مقابل أقصى مرونة بمقدم 25%. بمعدل ثابت 20.7% (متناقص 36.25%)، وفترة سداد من 12 إلى 60 شهرًا، ويشمل تغطية الخسارة الكلية دون وثيقة منفصلة، مع إتاحة السداد المبكر. تمويل من 15,000 إلى 8,000,000 جنيه.",15000,8000000,12,60,MONTHLY,20.7,36.25,,60000,,FALSE,25,0,10,TRUE
cmgs2mkhxnli2bma8byx2ty3l,consumer-financing,auto-loan,AUTO_LOAN,Ride-Sharing Drivers (New),سائقو النقل التشاركي (الجديدة),A auto loan option for ride-hailing drivers.,تمويل السيارات - لسائقي خدمات النقل.,"A auto loan option for ride-hailing drivers, offered at a mid-range cost with a larger 40% down payment that lowers your total financing. A 17.72% flat rate (31.25% declining), terms run 36–60 months, you arrange your own external motor insurance, early settlement is available. Finance from EGP 15,000 up to EGP 8,000,000.","تمويل السيارات - لسائقي خدمات النقل، ويُقدَّم بتكلفة متوسطة بمقدم أكبر 40% يقلّل إجمالي التمويل. بمعدل ثابت 17.72% (متناقص 31.25%)، وفترة سداد من 36 إلى 60 شهرًا، مع تأمين خارجي على الأصل يوفّره العميل، مع إتاحة السداد المبكر. تمويل من 15,000 إلى 8,000,000 جنيه.",15000,8000000,36,60,MONTHLY,17.72,31.25,,60000,,TRUE,40,3,10,TRUE
cm36ez4sfhio8onv9ljn83sk5,consumer-financing,auto-loan,AUTO_LOAN,Carzami Used,كارزامي المستعملة,"A auto loan option for ride-hailing drivers, for used vehicles (subject to car-age and mileage limits).","تمويل السيارات - لسائقي خدمات النقل، للمركبات المستعملة (وفق حدود العمر والكيلومترات).","A auto loan option for ride-hailing drivers, for used vehicles (subject to car-age and mileage limits), offered at an above-average cost for added flexibility with a low 10% down payment. A 20.11% flat rate (35.25% declining), terms run 12–60 months, total-loss cover is built in, so no separate policy is needed, early settlement is available. Finance from EGP 15,000 up to EGP 8,000,000.","تمويل السيارات - لسائقي خدمات النقل، للمركبات المستعملة (وفق حدود العمر والكيلومترات)، ويُقدَّم بتكلفة أعلى من المتوسط مقابل مرونة إضافية بمقدم منخفض 10%. بمعدل ثابت 20.11% (متناقص 35.25%)، وفترة سداد من 12 إلى 60 شهرًا، ويشمل تغطية الخسارة الكلية دون وثيقة منفصلة، مع إتاحة السداد المبكر. تمويل من 15,000 إلى 8,000,000 جنيه.",15000,8000000,12,60,MONTHLY,20.11,35.25,,60000,,FALSE,10,3,10,TRUE
cm1l93v6lftcp9na949gkg54p,consumer-financing,auto-loan,AUTO_LOAN,Carzami Used - Chinese,كارزامي المستعملة - صيني,"A auto loan option for ride-hailing drivers, for used vehicles (subject to car-age and mileage limits).","تمويل السيارات - لسائقي خدمات النقل، للمركبات المستعملة (وفق حدود العمر والكيلومترات).","A auto loan option for ride-hailing drivers, for used vehicles (subject to car-age and mileage limits), offered at an above-average cost for added flexibility with a 25% down payment. A 20.11% flat rate (35.25% declining), terms run 12–60 months, total-loss cover is built in, so no separate policy is needed, early settlement is available. Finance from EGP 15,000 up to EGP 8,000,000.","تمويل السيارات - لسائقي خدمات النقل، للمركبات المستعملة (وفق حدود العمر والكيلومترات)، ويُقدَّم بتكلفة أعلى من المتوسط مقابل مرونة إضافية بمقدم 25%. بمعدل ثابت 20.11% (متناقص 35.25%)، وفترة سداد من 12 إلى 60 شهرًا، ويشمل تغطية الخسارة الكلية دون وثيقة منفصلة، مع إتاحة السداد المبكر. تمويل من 15,000 إلى 8,000,000 جنيه.",15000,8000000,12,60,MONTHLY,20.11,35.25,,60000,,FALSE,25,3,10,TRUE
cm6k9a7nt753vv74jthnvgubp,consumer-financing,auto-loan,AUTO_LOAN,New plus,الجديدة بلس,A standard auto loan option.,تمويل السيارات - الباقة القياسية.,"A standard auto loan option, offered at a mid-range cost with a 20% down payment. A 17.72% flat rate (31.25% declining), terms run 12–57 months, you arrange your own external motor insurance, early settlement isn't available, so it best suits customers planning to keep the facility to term. Finance from EGP 15,000 up to EGP 8,000,000.","تمويل السيارات - الباقة القياسية، ويُقدَّم بتكلفة متوسطة بمقدم 20%. بمعدل ثابت 17.72% (متناقص 31.25%)، وفترة سداد من 12 إلى 57 شهرًا، مع تأمين خارجي على الأصل يوفّره العميل، السداد المبكر غير متاح، لذا يناسب من ينوي الاستمرار حتى نهاية المدة. تمويل من 15,000 إلى 8,000,000 جنيه.",15000,8000000,12,57,MONTHLY,17.72,31.25,,60000,,TRUE,20,0,10,TRUE
cmyvfomt1t4yfxhsnusmg2bnw,consumer-financing,auto-loan,AUTO_LOAN,Premier Plus,بريمير بلس,A premium (Premier) tier of auto loan.,تمويل السيارات - الفئة المميزة (بريمير).,"A premium (Premier) tier of auto loan, offered at a mid-range cost with a low 10% down payment. A 17.72% flat rate (31.25% declining), terms run 12–57 months, total-loss cover is built in, so no separate policy is needed, early settlement is available. Finance from EGP 15,000 up to EGP 10,000,000. It also offers a residual/balloon option (up to 40%) to keep monthly installments lower.","تمويل السيارات - الفئة المميزة (بريمير)، ويُقدَّم بتكلفة متوسطة بمقدم منخفض 10%. بمعدل ثابت 17.72% (متناقص 31.25%)، وفترة سداد من 12 إلى 57 شهرًا، ويشمل تغطية الخسارة الكلية دون وثيقة منفصلة، مع إتاحة السداد المبكر. تمويل من 15,000 إلى 10,000,000 جنيه. كما يتيح خيار القيمة المتبقية (حتى 40%) لتخفيض القسط الشهري.",15000,10000000,12,57,MONTHLY,17.72,31.25,,60000,,FALSE,10,7.5,10,TRUE
cm4gnb2gfegoans3lby1civdh,consumer-financing,auto-loan,AUTO_LOAN,New Economy Company Used Car,الاقتصادية الجديدة سيارات الشركة المستعملة,"A standard auto loan option, for used vehicles (subject to car-age and mileage limits).","تمويل السيارات - الباقة القياسية، للمركبات المستعملة (وفق حدود العمر والكيلومترات).","A standard auto loan option, for used vehicles (subject to car-age and mileage limits), offered at a competitive financing cost with a 20% down payment. A 16.42% flat rate (29.05% declining), terms run 12–36 months, you arrange your own external motor insurance, early settlement isn't available, so it best suits customers planning to keep the facility to term. Finance from EGP 15,000 up to EGP 8,000,000.","تمويل السيارات - الباقة القياسية، للمركبات المستعملة (وفق حدود العمر والكيلومترات)، ويُقدَّم بتكلفة تمويل تنافسية بمقدم 20%. بمعدل ثابت 16.42% (متناقص 29.05%)، وفترة سداد من 12 إلى 36 شهرًا، مع تأمين خارجي على الأصل يوفّره العميل، السداد المبكر غير متاح، لذا يناسب من ينوي الاستمرار حتى نهاية المدة. تمويل من 15,000 إلى 8,000,000 جنيه.",15000,8000000,12,36,MONTHLY,16.42,29.05,,60000,,TRUE,20,0,10,TRUE
cm6a2zpwyg1caea9jd2yhcnv5,consumer-financing,auto-loan,AUTO_LOAN,Premier Company Used Car,بريمير سيارات الشركة المستعملة,"A premium (Premier) tier of auto loan, for used vehicles (subject to car-age and mileage limits).","تمويل السيارات - الفئة المميزة (بريمير)، للمركبات المستعملة (وفق حدود العمر والكيلومترات).","A premium (Premier) tier of auto loan, for used vehicles (subject to car-age and mileage limits), offered at a competitive financing cost with a low 10% down payment. A 16.42% flat rate (29.05% declining), terms run 12–60 months, total-loss cover is built in, so no separate policy is needed, early settlement is available. Finance from EGP 15,000 up to EGP 10,000,000. It also offers a residual/balloon option (up to 40%) to keep monthly installments lower.","تمويل السيارات - الفئة المميزة (بريمير)، للمركبات المستعملة (وفق حدود العمر والكيلومترات)، ويُقدَّم بتكلفة تمويل تنافسية بمقدم منخفض 10%. بمعدل ثابت 16.42% (متناقص 29.05%)، وفترة سداد من 12 إلى 60 شهرًا، ويشمل تغطية الخسارة الكلية دون وثيقة منفصلة، مع إتاحة السداد المبكر. تمويل من 15,000 إلى 10,000,000 جنيه. كما يتيح خيار القيمة المتبقية (حتى 40%) لتخفيض القسط الشهري.",15000,10000000,12,60,MONTHLY,16.42,29.05,,60000,,FALSE,10,1,10,TRUE
cmdq9pky3gslovgh11yhui7pi,consumer-financing,auto-loan,AUTO_LOAN,Flexible Plus Company Used Car,المرنة بلس سيارات الشركة المستعملة,"A standard auto loan option, for used vehicles (subject to car-age and mileage limits).","تمويل السيارات - الباقة القياسية، للمركبات المستعملة (وفق حدود العمر والكيلومترات).","A standard auto loan option, for used vehicles (subject to car-age and mileage limits), offered at a premium cost reflecting maximum flexibility with a 20% down payment. A 21.0% flat rate (36.75% declining), terms run 12–60 months, total-loss cover is built in, so no separate policy is needed, early settlement is available. Finance from EGP 15,000 up to EGP 8,000,000. It also offers a residual/balloon option (up to 25%) to keep monthly installments lower.","تمويل السيارات - الباقة القياسية، للمركبات المستعملة (وفق حدود العمر والكيلومترات)، ويُقدَّم بتكلفة مرتفعة مقابل أقصى مرونة بمقدم 20%. بمعدل ثابت 21.0% (متناقص 36.75%)، وفترة سداد من 12 إلى 60 شهرًا، ويشمل تغطية الخسارة الكلية دون وثيقة منفصلة، مع إتاحة السداد المبكر. تمويل من 15,000 إلى 8,000,000 جنيه. كما يتيح خيار القيمة المتبقية (حتى 25%) لتخفيض القسط الشهري.",15000,8000000,12,60,MONTHLY,21,36.75,,60000,,FALSE,20,0,10,TRUE
cm2ky55tvaho2a47mjbplzbm9,consumer-financing,auto-loan,AUTO_LOAN,New Flexible Company Used Car,المرنة الجديدة سيارات الشركة المستعملة,"A standard auto loan option, for used vehicles (subject to car-age and mileage limits).","تمويل السيارات - الباقة القياسية، للمركبات المستعملة (وفق حدود العمر والكيلومترات).","A standard auto loan option, for used vehicles (subject to car-age and mileage limits), offered at an above-average cost for added flexibility with a 20% down payment. A 20.11% flat rate (35.25% declining), terms run 36–60 months, you arrange your own external motor insurance, early settlement is available. Finance from EGP 15,000 up to EGP 8,000,000. It also offers a residual/balloon option (up to 25%) to keep monthly installments lower.","تمويل السيارات - الباقة القياسية، للمركبات المستعملة (وفق حدود العمر والكيلومترات)، ويُقدَّم بتكلفة أعلى من المتوسط مقابل مرونة إضافية بمقدم 20%. بمعدل ثابت 20.11% (متناقص 35.25%)، وفترة سداد من 36 إلى 60 شهرًا، مع تأمين خارجي على الأصل يوفّره العميل، مع إتاحة السداد المبكر. تمويل من 15,000 إلى 8,000,000 جنيه. كما يتيح خيار القيمة المتبقية (حتى 25%) لتخفيض القسط الشهري.",15000,8000000,36,60,MONTHLY,20.11,35.25,,60000,,TRUE,20,2,10,TRUE
cmsreqigtfokjzsz3f0usawl1,consumer-financing,auto-loan,AUTO_LOAN,Economy Plus Company Used Car,الاقتصادية بلس سيارات الشركة المستعملة,"A standard auto loan option, for used vehicles (subject to car-age and mileage limits).","تمويل السيارات - الباقة القياسية، للمركبات المستعملة (وفق حدود العمر والكيلومترات).","A standard auto loan option, for used vehicles (subject to car-age and mileage limits), offered at an above-average cost for added flexibility with a 20% down payment. A 19.06% flat rate (33.5% declining), terms run 12–60 months, you arrange your own external motor insurance, early settlement is available. Finance from EGP 15,000 up to EGP 8,000,000.","تمويل السيارات - الباقة القياسية، للمركبات المستعملة (وفق حدود العمر والكيلومترات)، ويُقدَّم بتكلفة أعلى من المتوسط مقابل مرونة إضافية بمقدم 20%. بمعدل ثابت 19.06% (متناقص 33.5%)، وفترة سداد من 12 إلى 60 شهرًا، مع تأمين خارجي على الأصل يوفّره العميل، مع إتاحة السداد المبكر. تمويل من 15,000 إلى 8,000,000 جنيه.",15000,8000000,12,60,MONTHLY,19.06,33.5,,60000,,TRUE,20,3,10,TRUE
cmrgnp0qkyjf88cvn9b05xa11,consumer-financing,auto-loan,AUTO_LOAN,40% Downpayment NEW,40% مقدم الجديدة,A standard auto loan option.,تمويل السيارات - الباقة القياسية.,"A standard auto loan option, offered at a competitive financing cost with a larger 40% down payment that lowers your total financing. A 14.93% flat rate (26.5% declining), terms run 12–60 months, total-loss cover is built in, so no separate policy is needed, early settlement is available. Finance from EGP 15,000 up to EGP 10,000,000.","تمويل السيارات - الباقة القياسية، ويُقدَّم بتكلفة تمويل تنافسية بمقدم أكبر 40% يقلّل إجمالي التمويل. بمعدل ثابت 14.93% (متناقص 26.5%)، وفترة سداد من 12 إلى 60 شهرًا، ويشمل تغطية الخسارة الكلية دون وثيقة منفصلة، مع إتاحة السداد المبكر. تمويل من 15,000 إلى 10,000,000 جنيه.",15000,10000000,12,60,MONTHLY,14.93,26.5,,,,FALSE,40,10,10,TRUE
cmzz8acj71tqnh4quuom8e4zs,consumer-financing,auto-loan,AUTO_LOAN,40% downpayment USED,40% مقدم المستعملة,"A standard auto loan option, for used vehicles (subject to car-age and mileage limits).","تمويل السيارات - الباقة القياسية، للمركبات المستعملة (وفق حدود العمر والكيلومترات).","A standard auto loan option, for used vehicles (subject to car-age and mileage limits), offered at a mid-range cost with a larger 40% down payment that lowers your total financing. A 16.98% flat rate (30.0% declining), terms run 12–60 months, total-loss cover is built in, so no separate policy is needed, early settlement is available. Finance from EGP 15,000 up to EGP 10,000,000.","تمويل السيارات - الباقة القياسية، للمركبات المستعملة (وفق حدود العمر والكيلومترات)، ويُقدَّم بتكلفة متوسطة بمقدم أكبر 40% يقلّل إجمالي التمويل. بمعدل ثابت 16.98% (متناقص 30.0%)، وفترة سداد من 12 إلى 60 شهرًا، ويشمل تغطية الخسارة الكلية دون وثيقة منفصلة، مع إتاحة السداد المبكر. تمويل من 15,000 إلى 10,000,000 جنيه.",15000,10000000,12,60,MONTHLY,16.98,30,,,,FALSE,40,10,10,TRUE
cm2on8sd22dl36r0v3p3jnrt3,consumer-financing,auto-loan,AUTO_LOAN,Less than 40% downpayment NEW,Less than 40% مقدم الجديدة,A standard auto loan option.,تمويل السيارات - الباقة القياسية.,"A standard auto loan option, offered at a competitive financing cost with a 20% down payment. A 15.51% flat rate (27.5% declining), terms run 12–60 months, total-loss cover is built in, so no separate policy is needed, early settlement is available. Finance from EGP 15,000 up to EGP 10,000,000.","تمويل السيارات - الباقة القياسية، ويُقدَّم بتكلفة تمويل تنافسية بمقدم 20%. بمعدل ثابت 15.51% (متناقص 27.5%)، وفترة سداد من 12 إلى 60 شهرًا، ويشمل تغطية الخسارة الكلية دون وثيقة منفصلة، مع إتاحة السداد المبكر. تمويل من 15,000 إلى 10,000,000 جنيه.",15000,10000000,12,60,MONTHLY,15.51,27.5,,,,FALSE,20,10,10,TRUE
cmjt2pq2xugwu9ad8j1m19482,consumer-financing,auto-loan,AUTO_LOAN,Global Auto Offer,جلوبال أوتو عرض,A limited promotional auto loan offer.,تمويل السيارات - عرض ترويجي محدود.,"A limited promotional auto loan offer, offered at a competitive financing cost with a low 10% down payment. A 15.73% flat rate (27.87% declining), terms run 12–60 months, total-loss cover is built in, so no separate policy is needed, early settlement is available. Finance from EGP 15,000 up to EGP 10,000,000. It also offers a residual/balloon option (up to 40%) to keep monthly installments lower.","تمويل السيارات - عرض ترويجي محدود، ويُقدَّم بتكلفة تمويل تنافسية بمقدم منخفض 10%. بمعدل ثابت 15.73% (متناقص 27.87%)، وفترة سداد من 12 إلى 60 شهرًا، ويشمل تغطية الخسارة الكلية دون وثيقة منفصلة، مع إتاحة السداد المبكر. تمويل من 15,000 إلى 10,000,000 جنيه. كما يتيح خيار القيمة المتبقية (حتى 40%) لتخفيض القسط الشهري.",15000,10000000,12,60,MONTHLY,15.73,27.87,,60000,,FALSE,10,3,10,TRUE
cm68coxy0otyemrp1pv0xpv9z,consumer-financing,auto-loan,AUTO_LOAN,Offers,عروض,A limited promotional auto loan offer.,تمويل السيارات - عرض ترويجي محدود.,"A limited promotional auto loan offer, offered at a competitive financing cost with a low 10% down payment. A 16.42% flat rate (29.05% declining), terms run 12–60 months, total-loss cover is built in, so no separate policy is needed, early settlement is available. Finance from EGP 15,000 up to EGP 10,000,000. It also offers a residual/balloon option (up to 40%) to keep monthly installments lower.","تمويل السيارات - عرض ترويجي محدود، ويُقدَّم بتكلفة تمويل تنافسية بمقدم منخفض 10%. بمعدل ثابت 16.42% (متناقص 29.05%)، وفترة سداد من 12 إلى 60 شهرًا، ويشمل تغطية الخسارة الكلية دون وثيقة منفصلة، مع إتاحة السداد المبكر. تمويل من 15,000 إلى 10,000,000 جنيه. كما يتيح خيار القيمة المتبقية (حتى 40%) لتخفيض القسط الشهري.",15000,10000000,12,60,MONTHLY,16.42,29.05,,60000,,FALSE,10,3,10,TRUE
cmasnf768znncr1cbtstu97gh,consumer-financing,auto-loan,AUTO_LOAN,MTI offers,MTI عروض,A limited promotional auto loan offer.,تمويل السيارات - عرض ترويجي محدود.,"A limited promotional auto loan offer, offered at a mid-range cost with a low 10% down payment. A 17.87% flat rate (31.5% declining), terms run 12–60 months, total-loss cover is built in, so no separate policy is needed, early settlement is available. Finance from EGP 15,000 up to EGP 10,000,000. It also offers a residual/balloon option (up to 40%) to keep monthly installments lower.","تمويل السيارات - عرض ترويجي محدود، ويُقدَّم بتكلفة متوسطة بمقدم منخفض 10%. بمعدل ثابت 17.87% (متناقص 31.5%)، وفترة سداد من 12 إلى 60 شهرًا، ويشمل تغطية الخسارة الكلية دون وثيقة منفصلة، مع إتاحة السداد المبكر. تمويل من 15,000 إلى 10,000,000 جنيه. كما يتيح خيار القيمة المتبقية (حتى 40%) لتخفيض القسط الشهري.",15000,10000000,12,60,MONTHLY,17.87,31.5,,60000,,FALSE,10,3,10,TRUE
cmcy0cwo1135b0zj4wn0kwcf4,consumer-financing,auto-loan,AUTO_LOAN,BMW - Offers,BMW - عروض,A limited promotional auto loan offer.,تمويل السيارات - عرض ترويجي محدود.,"A limited promotional auto loan offer, offered at a competitive financing cost with a low 10% down payment. A 15.51% flat rate (27.5% declining), terms run 12–60 months, total-loss cover is built in, so no separate policy is needed, early settlement is available. Finance from EGP 15,000 up to EGP 10,000,000. It also offers a residual/balloon option (up to 40%) to keep monthly installments lower.","تمويل السيارات - عرض ترويجي محدود، ويُقدَّم بتكلفة تمويل تنافسية بمقدم منخفض 10%. بمعدل ثابت 15.51% (متناقص 27.5%)، وفترة سداد من 12 إلى 60 شهرًا، ويشمل تغطية الخسارة الكلية دون وثيقة منفصلة، مع إتاحة السداد المبكر. تمويل من 15,000 إلى 10,000,000 جنيه. كما يتيح خيار القيمة المتبقية (حتى 40%) لتخفيض القسط الشهري.",15000,10000000,12,60,MONTHLY,15.51,27.5,,0,,FALSE,10,7,10,TRUE
cmtahplcf5407vcxleyi3jidv,consumer-financing,auto-loan,AUTO_LOAN,Abo Ghaly Offers - Sport Plus,أبو غالي عروض - سبورت بلس,A limited promotional auto loan offer.,تمويل السيارات - عرض ترويجي محدود.,"A limited promotional auto loan offer, offered at a competitive financing cost with a low 10% down payment. A 16.18% flat rate (28.64% declining), terms run 12–24 months, total-loss cover is built in, so no separate policy is needed, early settlement is available. Finance from EGP 15,000 up to EGP 10,000,000.","تمويل السيارات - عرض ترويجي محدود، ويُقدَّم بتكلفة تمويل تنافسية بمقدم منخفض 10%. بمعدل ثابت 16.18% (متناقص 28.64%)، وفترة سداد من 12 إلى 24 شهرًا، ويشمل تغطية الخسارة الكلية دون وثيقة منفصلة، مع إتاحة السداد المبكر. تمويل من 15,000 إلى 10,000,000 جنيه.",15000,10000000,12,24,MONTHLY,16.18,28.64,,0,,FALSE,10,10,10,TRUE
cmuxsru39yy3noyj438gy07au,consumer-financing,auto-loan,AUTO_LOAN,Special Abo Ghaly New,خاص أبو غالي الجديدة,A limited promotional auto loan offer.,تمويل السيارات - عرض ترويجي محدود.,"A limited promotional auto loan offer, offered at a competitive financing cost with a low 10% down payment. A 15.0% flat rate (26.63% declining), terms run 12–60 months, total-loss cover is built in, so no separate policy is needed, early settlement is available. Finance from EGP 15,000 up to EGP 10,000,000.","تمويل السيارات - عرض ترويجي محدود، ويُقدَّم بتكلفة تمويل تنافسية بمقدم منخفض 10%. بمعدل ثابت 15.0% (متناقص 26.63%)، وفترة سداد من 12 إلى 60 شهرًا، ويشمل تغطية الخسارة الكلية دون وثيقة منفصلة، مع إتاحة السداد المبكر. تمويل من 15,000 إلى 10,000,000 جنيه.",15000,10000000,12,60,MONTHLY,15,26.63,,,,FALSE,10,10,10,TRUE
cmkcc5posq90z4d553offoruw,consumer-financing,auto-loan,AUTO_LOAN,Global Used,جلوبال المستعملة,"A limited promotional auto loan offer, for used vehicles (subject to car-age and mileage limits).","تمويل السيارات - عرض ترويجي محدود، للمركبات المستعملة (وفق حدود العمر والكيلومترات).","A limited promotional auto loan offer, for used vehicles (subject to car-age and mileage limits), offered at a competitive financing cost with a 20% down payment. A 16.1% flat rate (28.5% declining), terms run 12–60 months, total-loss cover is built in, so no separate policy is needed, early settlement is available. Finance from EGP 15,000 up to EGP 10,000,000.","تمويل السيارات - عرض ترويجي محدود، للمركبات المستعملة (وفق حدود العمر والكيلومترات)، ويُقدَّم بتكلفة تمويل تنافسية بمقدم 20%. بمعدل ثابت 16.1% (متناقص 28.5%)، وفترة سداد من 12 إلى 60 شهرًا، ويشمل تغطية الخسارة الكلية دون وثيقة منفصلة، مع إتاحة السداد المبكر. تمويل من 15,000 إلى 10,000,000 جنيه.",15000,10000000,12,60,MONTHLY,16.1,28.5,,0,,FALSE,20,10,10,TRUE
cmhu5f1vz5qkbmeh4c2ly2iiq,consumer-financing,auto-loan,AUTO_LOAN,Global Auto New Offer,جلوبال أوتو الجديدة عرض,A limited promotional auto loan offer.,تمويل السيارات - عرض ترويجي محدود.,"A limited promotional auto loan offer, offered at a competitive financing cost with a low 10% down payment. A 14.93% flat rate (26.5% declining), terms run 12–60 months, total-loss cover is built in, so no separate policy is needed, early settlement is available. Finance from EGP 15,000 up to EGP 10,000,000. It also offers a residual/balloon option (up to 40%) to keep monthly installments lower.","تمويل السيارات - عرض ترويجي محدود، ويُقدَّم بتكلفة تمويل تنافسية بمقدم منخفض 10%. بمعدل ثابت 14.93% (متناقص 26.5%)، وفترة سداد من 12 إلى 60 شهرًا، ويشمل تغطية الخسارة الكلية دون وثيقة منفصلة، مع إتاحة السداد المبكر. تمويل من 15,000 إلى 10,000,000 جنيه. كما يتيح خيار القيمة المتبقية (حتى 40%) لتخفيض القسط الشهري.",15000,10000000,12,60,MONTHLY,14.93,26.5,,60000,,FALSE,10,10,10,TRUE
cmgkl42uk1uq2ajlpxd89kphg,consumer-financing,auto-loan,AUTO_LOAN,Ramdan offer New,رمضان عرض الجديدة,A limited promotional auto loan offer.,تمويل السيارات - عرض ترويجي محدود.,"A limited promotional auto loan offer, offered at a competitive financing cost with a 20% down payment. A 15.81% flat rate (28.0% declining), terms run 12–60 months, total-loss cover is built in, so no separate policy is needed, early settlement is available. Finance from EGP 15,000 up to EGP 10,000,000.","تمويل السيارات - عرض ترويجي محدود، ويُقدَّم بتكلفة تمويل تنافسية بمقدم 20%. بمعدل ثابت 15.81% (متناقص 28.0%)، وفترة سداد من 12 إلى 60 شهرًا، ويشمل تغطية الخسارة الكلية دون وثيقة منفصلة، مع إتاحة السداد المبكر. تمويل من 15,000 إلى 10,000,000 جنيه.",15000,10000000,12,60,MONTHLY,15.81,28,,0,,FALSE,20,10,10,TRUE
cm8hru7l7t0e1ls719oswhk5u,consumer-financing,auto-loan,AUTO_LOAN,Ramdan Offer Used,رمضان عرض المستعملة,"A limited promotional auto loan offer, for used vehicles (subject to car-age and mileage limits).","تمويل السيارات - عرض ترويجي محدود، للمركبات المستعملة (وفق حدود العمر والكيلومترات).","A limited promotional auto loan offer, for used vehicles (subject to car-age and mileage limits), offered at a competitive financing cost with a 20% down payment. A 15.81% flat rate (28.0% declining), terms run 12–60 months, total-loss cover is built in, so no separate policy is needed, early settlement is available. Finance from EGP 15,000 up to EGP 10,000,000.","تمويل السيارات - عرض ترويجي محدود، للمركبات المستعملة (وفق حدود العمر والكيلومترات)، ويُقدَّم بتكلفة تمويل تنافسية بمقدم 20%. بمعدل ثابت 15.81% (متناقص 28.0%)، وفترة سداد من 12 إلى 60 شهرًا، ويشمل تغطية الخسارة الكلية دون وثيقة منفصلة، مع إتاحة السداد المبكر. تمويل من 15,000 إلى 10,000,000 جنيه.",15000,10000000,12,60,MONTHLY,15.81,28,,0,,FALSE,20,10,10,TRUE
cmunvpcfhk4y3nfqi161mhpf2,consumer-financing,auto-loan,AUTO_LOAN,Ramdan Premier New,رمضان بريمير الجديدة,A limited promotional auto loan offer.,تمويل السيارات - عرض ترويجي محدود.,"A limited promotional auto loan offer, offered at a competitive financing cost with a low 10% down payment. A 15.22% flat rate (27.0% declining), terms run 12–60 months, total-loss cover is built in, so no separate policy is needed, early settlement is available. Finance from EGP 15,000 up to EGP 10,000,000.","تمويل السيارات - عرض ترويجي محدود، ويُقدَّم بتكلفة تمويل تنافسية بمقدم منخفض 10%. بمعدل ثابت 15.22% (متناقص 27.0%)، وفترة سداد من 12 إلى 60 شهرًا، ويشمل تغطية الخسارة الكلية دون وثيقة منفصلة، مع إتاحة السداد المبكر. تمويل من 15,000 إلى 10,000,000 جنيه.",15000,10000000,12,60,MONTHLY,15.22,27,,100000,,FALSE,10,3,10,TRUE
cmq3iovju6t7yfk2oar6o75ra,consumer-financing,auto-loan,AUTO_LOAN,Ramdan premier Used,رمضان premier المستعملة,"A limited promotional auto loan offer, for used vehicles (subject to car-age and mileage limits).","تمويل السيارات - عرض ترويجي محدود، للمركبات المستعملة (وفق حدود العمر والكيلومترات).","A limited promotional auto loan offer, for used vehicles (subject to car-age and mileage limits), offered at a competitive financing cost with a low 10% down payment. A 15.81% flat rate (28.0% declining), terms run 12–60 months, total-loss cover is built in, so no separate policy is needed, early settlement is available. Finance from EGP 15,000 up to EGP 10,000,000.","تمويل السيارات - عرض ترويجي محدود، للمركبات المستعملة (وفق حدود العمر والكيلومترات)، ويُقدَّم بتكلفة تمويل تنافسية بمقدم منخفض 10%. بمعدل ثابت 15.81% (متناقص 28.0%)، وفترة سداد من 12 إلى 60 شهرًا، ويشمل تغطية الخسارة الكلية دون وثيقة منفصلة، مع إتاحة السداد المبكر. تمويل من 15,000 إلى 10,000,000 جنيه.",15000,10000000,12,60,MONTHLY,15.81,28,,100000,,FALSE,10,3,10,TRUE
cmjabm1jfvyywnviytomjppko,consumer-financing,auto-loan,AUTO_LOAN,SN - Offers,SN - عروض,A limited promotional auto loan offer.,تمويل السيارات - عرض ترويجي محدود.,"A limited promotional auto loan offer, offered at a competitive financing cost with a low 10% down payment. A 15.51% flat rate (27.5% declining), terms run 12–60 months, total-loss cover is built in, so no separate policy is needed, early settlement is available. Finance from EGP 15,000 up to EGP 10,000,000. It also offers a residual/balloon option (up to 40%) to keep monthly installments lower.","تمويل السيارات - عرض ترويجي محدود، ويُقدَّم بتكلفة تمويل تنافسية بمقدم منخفض 10%. بمعدل ثابت 15.51% (متناقص 27.5%)، وفترة سداد من 12 إلى 60 شهرًا، ويشمل تغطية الخسارة الكلية دون وثيقة منفصلة، مع إتاحة السداد المبكر. تمويل من 15,000 إلى 10,000,000 جنيه. كما يتيح خيار القيمة المتبقية (حتى 40%) لتخفيض القسط الشهري.",15000,10000000,12,60,MONTHLY,15.51,27.5,,0,,FALSE,10,10,10,TRUE
cmyh9avjbww2kvvs6cvocs3wi,consumer-financing,auto-loan,AUTO_LOAN,"Galaxy 1 ""No Admin fee",جالاكسي 1 بدون مصاريف إدارية,A limited promotional auto loan offer.,تمويل السيارات - عرض ترويجي محدود.,"A limited promotional auto loan offer, offered at a competitive financing cost with a 20% down payment. A 14.64% flat rate (26.0% declining), terms run 12–12 months, total-loss cover is built in, so no separate policy is needed, early settlement is available. Finance from EGP 15,000 up to EGP 15,000,000.","تمويل السيارات - عرض ترويجي محدود، ويُقدَّم بتكلفة تمويل تنافسية بمقدم 20%. بمعدل ثابت 14.64% (متناقص 26.0%)، وفترة سداد من 12 إلى 12 شهرًا، ويشمل تغطية الخسارة الكلية دون وثيقة منفصلة، مع إتاحة السداد المبكر. تمويل من 15,000 إلى 15,000,000 جنيه.",15000,15000000,12,12,MONTHLY,14.64,26,,0,,FALSE,20,10,10,TRUE
cmlas6hc15rmavmhcsowlmh4d,consumer-financing,auto-loan,AUTO_LOAN,"Galaxy 2""No Admin fee",جالاكسي 2بدون مصاريف إدارية,A limited promotional auto loan offer.,تمويل السيارات - عرض ترويجي محدود.,"A limited promotional auto loan offer, offered at our lowest financing cost with a 20% down payment. A 14.05% flat rate (25.0% declining), terms run 24–60 months, total-loss cover is built in, so no separate policy is needed, early settlement is available. Finance from EGP 15,000 up to EGP 15,000,000.","تمويل السيارات - عرض ترويجي محدود، ويُقدَّم بأقل تكلفة تمويل لدينا بمقدم 20%. بمعدل ثابت 14.05% (متناقص 25.0%)، وفترة سداد من 24 إلى 60 شهرًا، ويشمل تغطية الخسارة الكلية دون وثيقة منفصلة، مع إتاحة السداد المبكر. تمويل من 15,000 إلى 15,000,000 جنيه.",15000,15000000,24,60,MONTHLY,14.05,25,,0,,FALSE,20,,10,TRUE
cmqbaso0y0tbqr88u996ehtyf,consumer-financing,auto-loan,AUTO_LOAN,"Galaxy3""with Admin fee",جالاكسي3بمصاريف إدارية,A limited promotional auto loan offer.,تمويل السيارات - عرض ترويجي محدود.,"A limited promotional auto loan offer, offered at our lowest financing cost with a 20% down payment. A 13.76% flat rate (24.5% declining), terms run 12–12 months, total-loss cover is built in, so no separate policy is needed, early settlement is available. Finance from EGP 15,000 up to EGP 15,000,000.","تمويل السيارات - عرض ترويجي محدود، ويُقدَّم بأقل تكلفة تمويل لدينا بمقدم 20%. بمعدل ثابت 13.76% (متناقص 24.5%)، وفترة سداد من 12 إلى 12 شهرًا، ويشمل تغطية الخسارة الكلية دون وثيقة منفصلة، مع إتاحة السداد المبكر. تمويل من 15,000 إلى 15,000,000 جنيه.",15000,15000000,12,12,MONTHLY,13.76,24.5,,,,FALSE,20,10,10,TRUE
cmzai8va93zk3bsc7wc7t9mq4,consumer-financing,auto-loan,AUTO_LOAN,"Galaxy4""with Admin fee",جالاكسي4بمصاريف إدارية,A limited promotional auto loan offer.,تمويل السيارات - عرض ترويجي محدود.,"A limited promotional auto loan offer, offered at our lowest financing cost with a 20% down payment. A 13.47% flat rate (24.0% declining), terms run 24–60 months, total-loss cover is built in, so no separate policy is needed, early settlement is available. Finance from EGP 15,000 up to EGP 15,000,000.","تمويل السيارات - عرض ترويجي محدود، ويُقدَّم بأقل تكلفة تمويل لدينا بمقدم 20%. بمعدل ثابت 13.47% (متناقص 24.0%)، وفترة سداد من 24 إلى 60 شهرًا، ويشمل تغطية الخسارة الكلية دون وثيقة منفصلة، مع إتاحة السداد المبكر. تمويل من 15,000 إلى 15,000,000 جنيه.",15000,15000000,24,60,MONTHLY,13.47,24,,,,FALSE,20,,10,TRUE
cmjurbdvctocgj7h954pjx9bp,consumer-financing,auto-loan,AUTO_LOAN,Promo bundle offer,باقة برومو عرض,A limited promotional auto loan offer.,تمويل السيارات - عرض ترويجي محدود.,"A limited promotional auto loan offer, offered at our lowest financing cost with a 20% down payment. A 13.76% flat rate (24.5% declining), terms run 12–60 months, you arrange your own external motor insurance, early settlement is available. Finance from EGP 15,000 up to EGP 15,000,000.","تمويل السيارات - عرض ترويجي محدود، ويُقدَّم بأقل تكلفة تمويل لدينا بمقدم 20%. بمعدل ثابت 13.76% (متناقص 24.5%)، وفترة سداد من 12 إلى 60 شهرًا، مع تأمين خارجي على الأصل يوفّره العميل، مع إتاحة السداد المبكر. تمويل من 15,000 إلى 15,000,000 جنيه.",15000,15000000,12,60,MONTHLY,13.76,24.5,,,,TRUE,20,10,10,TRUE
cmwv74dctwpbsvcqef34l72sv,consumer-financing,auto-loan,AUTO_LOAN,Promo bundle plus offer,باقة برومو بلس عرض,A limited promotional auto loan offer.,تمويل السيارات - عرض ترويجي محدود.,"A limited promotional auto loan offer, offered at our lowest financing cost with a 20% down payment. A 14.34% flat rate (25.5% declining), terms run 12–60 months, you arrange your own external motor insurance, early settlement is available. Finance from EGP 15,000 up to EGP 15,000,000.","تمويل السيارات - عرض ترويجي محدود، ويُقدَّم بأقل تكلفة تمويل لدينا بمقدم 20%. بمعدل ثابت 14.34% (متناقص 25.5%)، وفترة سداد من 12 إلى 60 شهرًا، مع تأمين خارجي على الأصل يوفّره العميل، مع إتاحة السداد المبكر. تمويل من 15,000 إلى 15,000,000 جنيه.",15000,15000000,12,60,MONTHLY,14.34,25.5,,0,,TRUE,20,10,10,TRUE
cmegq0tl7xk8qpnza7d3p6ca2,consumer-financing,auto-loan,AUTO_LOAN,Promo Extra Bundle,برومو باقة إضافية,A limited promotional auto loan offer.,تمويل السيارات - عرض ترويجي محدود.,"A limited promotional auto loan offer, offered at a competitive financing cost with a 20% down payment. A 14.93% flat rate (26.5% declining), terms run 12–60 months, total-loss cover is built in, so no separate policy is needed, early settlement is available. Finance from EGP 15,000 up to EGP 15,000,000.","تمويل السيارات - عرض ترويجي محدود، ويُقدَّم بتكلفة تمويل تنافسية بمقدم 20%. بمعدل ثابت 14.93% (متناقص 26.5%)، وفترة سداد من 12 إلى 60 شهرًا، ويشمل تغطية الخسارة الكلية دون وثيقة منفصلة، مع إتاحة السداد المبكر. تمويل من 15,000 إلى 15,000,000 جنيه.",15000,15000000,12,60,MONTHLY,14.93,26.5,,0,,FALSE,20,10,10,TRUE
cm132s7l7ukyoywjbs1cuanwc,consumer-financing,auto-loan,AUTO_LOAN,Promo Bundle insurance,برومو باقة تأمين,A limited promotional auto loan offer.,تمويل السيارات - عرض ترويجي محدود.,"A limited promotional auto loan offer, offered at an above-average cost for added flexibility with no down payment required. A 19.96% flat rate (35.0% declining).","تمويل السيارات - عرض ترويجي محدود، ويُقدَّم بتكلفة أعلى من المتوسط مقابل مرونة إضافية بدون مقدم. بمعدل ثابت 19.96% (متناقص 35.0%).",,,500000,,MONTHLY,19.96,35,,0,,,0,,10,TRUE
cmi68m5tupayjkhj0f10tcgf5,consumer-financing,auto-loan,AUTO_LOAN,Porsche,بورش,A limited promotional auto loan offer.,تمويل السيارات - عرض ترويجي محدود.,"A limited promotional auto loan offer, offered at a competitive financing cost with a low 10% down payment. A 16.42% flat rate (29.05% declining), terms run 12–60 months, total-loss cover is built in, so no separate policy is needed, early settlement is available. Finance from EGP 15,000 up to EGP 10,000,000. It also offers a residual/balloon option (up to 40%) to keep monthly installments lower.","تمويل السيارات - عرض ترويجي محدود، ويُقدَّم بتكلفة تمويل تنافسية بمقدم منخفض 10%. بمعدل ثابت 16.42% (متناقص 29.05%)، وفترة سداد من 12 إلى 60 شهرًا، ويشمل تغطية الخسارة الكلية دون وثيقة منفصلة، مع إتاحة السداد المبكر. تمويل من 15,000 إلى 10,000,000 جنيه. كما يتيح خيار القيمة المتبقية (حتى 40%) لتخفيض القسط الشهري.",15000,10000000,12,60,MONTHLY,16.42,29.05,,60000,,FALSE,10,1,10,TRUE
cm1b1c09oqsvvagblusgagyju,consumer-financing,auto-loan,AUTO_LOAN,Porsche - Used,بورش - المستعملة,"A limited promotional auto loan offer, for used vehicles (subject to car-age and mileage limits).","تمويل السيارات - عرض ترويجي محدود، للمركبات المستعملة (وفق حدود العمر والكيلومترات).","A limited promotional auto loan offer, for used vehicles (subject to car-age and mileage limits), offered at a mid-range cost with a low 10% down payment. A 17.01% flat rate (30.05% declining), terms run 12–60 months, total-loss cover is built in, so no separate policy is needed, early settlement is available. Finance from EGP 15,000 up to EGP 10,000,000.","تمويل السيارات - عرض ترويجي محدود، للمركبات المستعملة (وفق حدود العمر والكيلومترات)، ويُقدَّم بتكلفة متوسطة بمقدم منخفض 10%. بمعدل ثابت 17.01% (متناقص 30.05%)، وفترة سداد من 12 إلى 60 شهرًا، ويشمل تغطية الخسارة الكلية دون وثيقة منفصلة، مع إتاحة السداد المبكر. تمويل من 15,000 إلى 10,000,000 جنيه.",15000,10000000,12,60,MONTHLY,17.01,30.05,,60000,,FALSE,10,1,10,TRUE
cmqie9fe19edrgc5b6imconp8,consumer-financing,auto-loan,AUTO_LOAN,Promo offer,برومو عرض,A limited promotional auto loan offer.,تمويل السيارات - عرض ترويجي محدود.,"A limited promotional auto loan offer, offered at our lowest financing cost with a 20% down payment. A 13.76% flat rate (24.5% declining), terms run 12–60 months, total-loss cover is built in, so no separate policy is needed, early settlement is available. Finance from EGP 15,000 up to EGP 15,000,000.","تمويل السيارات - عرض ترويجي محدود، ويُقدَّم بأقل تكلفة تمويل لدينا بمقدم 20%. بمعدل ثابت 13.76% (متناقص 24.5%)، وفترة سداد من 12 إلى 60 شهرًا، ويشمل تغطية الخسارة الكلية دون وثيقة منفصلة، مع إتاحة السداد المبكر. تمويل من 15,000 إلى 15,000,000 جنيه.",15000,15000000,12,60,MONTHLY,13.76,24.5,,,,FALSE,20,10,10,TRUE
cmj6uolqfk2wp8pskb8am68ya,consumer-financing,auto-loan,AUTO_LOAN,Promo plus offer,برومو بلس عرض,A limited promotional auto loan offer.,تمويل السيارات - عرض ترويجي محدود.,"A limited promotional auto loan offer, offered at our lowest financing cost with a 20% down payment. A 14.34% flat rate (25.5% declining), terms run 12–60 months, you arrange your own external motor insurance, early settlement is available. Finance from EGP 15,000 up to EGP 15,000,000.","تمويل السيارات - عرض ترويجي محدود، ويُقدَّم بأقل تكلفة تمويل لدينا بمقدم 20%. بمعدل ثابت 14.34% (متناقص 25.5%)، وفترة سداد من 12 إلى 60 شهرًا، مع تأمين خارجي على الأصل يوفّره العميل، مع إتاحة السداد المبكر. تمويل من 15,000 إلى 15,000,000 جنيه.",15000,15000000,12,60,MONTHLY,14.34,25.5,,0,,TRUE,20,,10,TRUE
cmk6pen5nl7nbef20ta5ot8vc,consumer-financing,auto-loan,AUTO_LOAN,GLC OFFER,GLC عرض,A limited promotional auto loan offer.,تمويل السيارات - عرض ترويجي محدود.,"A limited promotional auto loan offer, offered at our lowest financing cost with a larger 60% down payment that lowers your total financing. A 9.59% flat rate (17.25% declining), terms run 12–12 months, total-loss cover is built in, so no separate policy is needed, early settlement is available. Finance from EGP 15,000 up to EGP 10,000,000.","تمويل السيارات - عرض ترويجي محدود، ويُقدَّم بأقل تكلفة تمويل لدينا بمقدم أكبر 60% يقلّل إجمالي التمويل. بمعدل ثابت 9.59% (متناقص 17.25%)، وفترة سداد من 12 إلى 12 شهرًا، ويشمل تغطية الخسارة الكلية دون وثيقة منفصلة، مع إتاحة السداد المبكر. تمويل من 15,000 إلى 10,000,000 جنيه.",15000,10000000,12,12,MONTHLY,9.59,17.25,,60000,,FALSE,60,10,10,TRUE
cmff2ro2a9q7otajh4kldh04y,consumer-financing,auto-loan,AUTO_LOAN,GLC PLUS OFFER,GLC PLUS عرض,A limited promotional auto loan offer.,تمويل السيارات - عرض ترويجي محدود.,"A limited promotional auto loan offer, offered at a mid-range cost with a larger 60% down payment that lowers your total financing. A 18.17% flat rate (32.0% declining), terms run 24–60 months, total-loss cover is built in, so no separate policy is needed, early settlement is available. Finance from EGP 15,000 up to EGP 10,000,000.","تمويل السيارات - عرض ترويجي محدود، ويُقدَّم بتكلفة متوسطة بمقدم أكبر 60% يقلّل إجمالي التمويل. بمعدل ثابت 18.17% (متناقص 32.0%)، وفترة سداد من 24 إلى 60 شهرًا، ويشمل تغطية الخسارة الكلية دون وثيقة منفصلة، مع إتاحة السداد المبكر. تمويل من 15,000 إلى 10,000,000 جنيه.",15000,10000000,24,60,MONTHLY,18.17,32,,60000,,FALSE,60,10,10,TRUE
cmrrkyx8utkmllvahjz6an3sd,consumer-financing,jewelry,JEWELRY,"Gold, Silver, Jewelry",الذهب والفضة والمجوهرات,A standard gold & jewelry financing option.,تمويل الذهب والمجوهرات - الباقة القياسية.,"A standard gold & jewelry financing option, offered at a premium cost reflecting maximum flexibility with no down payment required. A 21.46% flat rate (37.5% declining), terms run 12–60 months, early settlement is available. Finance from EGP 15,000 up to EGP 1,000,000.","تمويل الذهب والمجوهرات - الباقة القياسية، ويُقدَّم بتكلفة مرتفعة مقابل أقصى مرونة بدون مقدم. بمعدل ثابت 21.46% (متناقص 37.5%)، وفترة سداد من 12 إلى 60 شهرًا، مع إتاحة السداد المبكر. تمويل من 15,000 إلى 1,000,000 جنيه.",15000,1000000,12,60,MONTHLY,21.46,37.5,,0,,,0,10,10,TRUE
cmkx812k43raivwzrw3fs92oy,consumer-financing,auto-loan,TRAFFIC_SERVICE,Traffic Service,خدمات المرور,A standard vehicle licensing & traffic-service financing option.,تمويل خدمات المرور والترخيص - الباقة القياسية.,"A standard vehicle licensing & traffic-service financing option, offered at a mid-range cost with no down payment required. A 16.98% flat rate (30.0% declining), terms run 6–12 months, early settlement is available. Finance from EGP 5,000 up to EGP 500,000.","تمويل خدمات المرور والترخيص - الباقة القياسية، ويُقدَّم بتكلفة متوسطة بدون مقدم. بمعدل ثابت 16.98% (متناقص 30.0%)، وفترة سداد من 6 إلى 12 شهرًا، مع إتاحة السداد المبكر. تمويل من 5,000 إلى 500,000 جنيه.",5000,500000,6,12,MONTHLY,16.98,30,,0,,FALSE,0,10,10,TRUE
cmjd9hlzbfj1087u25alivi1r,consumer-financing,green-car,AUTO_LOAN,Green Car,السيارة الخضراء,A standard eco-friendly car financing option.,تمويل السيارات الصديقة للبيئة - الباقة القياسية.,"A standard eco-friendly car financing option, offered at a competitive financing cost with a 20% down payment. A 15.51% flat rate (27.5% declining), terms run 12–60 months, total-loss cover is built in, so no separate policy is needed, early settlement is available. Finance from EGP 15,000 up to EGP 10,000,000.","تمويل السيارات الصديقة للبيئة - الباقة القياسية، ويُقدَّم بتكلفة تمويل تنافسية بمقدم 20%. بمعدل ثابت 15.51% (متناقص 27.5%)، وفترة سداد من 12 إلى 60 شهرًا، ويشمل تغطية الخسارة الكلية دون وثيقة منفصلة، مع إتاحة السداد المبكر. تمويل من 15,000 إلى 10,000,000 جنيه.",15000,10000000,12,60,MONTHLY,15.51,27.5,,,,FALSE,20,10,10,TRUE
cmrtpi12tqeuose49xl4sxatk,consumer-financing,green-car,AUTO_LOAN,Green Car Plus,السيارة الخضراء Plus,A standard eco-friendly car financing option.,تمويل السيارات الصديقة للبيئة - الباقة القياسية.,"A standard eco-friendly car financing option, offered at a competitive financing cost with a larger 40% down payment that lowers your total financing. A 14.93% flat rate (26.5% declining), terms run 12–60 months, total-loss cover is built in, so no separate policy is needed, early settlement is available. Finance from EGP 15,000 up to EGP 10,000,000.","تمويل السيارات الصديقة للبيئة - الباقة القياسية، ويُقدَّم بتكلفة تمويل تنافسية بمقدم أكبر 40% يقلّل إجمالي التمويل. بمعدل ثابت 14.93% (متناقص 26.5%)، وفترة سداد من 12 إلى 60 شهرًا، ويشمل تغطية الخسارة الكلية دون وثيقة منفصلة، مع إتاحة السداد المبكر. تمويل من 15,000 إلى 10,000,000 جنيه.",15000,10000000,12,60,MONTHLY,14.93,26.5,,,,FALSE,40,10,10,TRUE
cmgfzalhn9ymluxwqrc2xwk4c,consumer-financing,green-car,AUTO_LOAN,Green Car Premier,السيارة الخضراء بريمير,A premium (Premier) tier of eco-friendly car financing.,تمويل السيارات الصديقة للبيئة - الفئة المميزة (بريمير).,"A premium (Premier) tier of eco-friendly car financing, offered at a competitive financing cost with a low 10% down payment. A 16.42% flat rate (29.05% declining), terms run 12–60 months, total-loss cover is built in, so no separate policy is needed, early settlement is available. Finance from EGP 15,000 up to EGP 10,000,000.","تمويل السيارات الصديقة للبيئة - الفئة المميزة (بريمير)، ويُقدَّم بتكلفة تمويل تنافسية بمقدم منخفض 10%. بمعدل ثابت 16.42% (متناقص 29.05%)، وفترة سداد من 12 إلى 60 شهرًا، ويشمل تغطية الخسارة الكلية دون وثيقة منفصلة، مع إتاحة السداد المبكر. تمويل من 15,000 إلى 10,000,000 جنيه.",15000,10000000,12,60,MONTHLY,16.42,29.05,,60000,,FALSE,10,10,10,TRUE
cmnjrzsylgd8nnkalnll4m4fd,consumer-financing,green-car,AUTO_LOAN,GREEN CAR USED,GREEN CAR المستعملة,"A standard eco-friendly car financing option, for used vehicles (subject to car-age and mileage limits).","تمويل السيارات الصديقة للبيئة - الباقة القياسية، للمركبات المستعملة (وفق حدود العمر والكيلومترات).","A standard eco-friendly car financing option, for used vehicles (subject to car-age and mileage limits), offered at a competitive financing cost with a larger 50% down payment that lowers your total financing. A 16.1% flat rate (28.5% declining), terms run 12–60 months, total-loss cover is built in, so no separate policy is needed, early settlement is available. Finance from EGP 15,000 up to EGP 10,000,000.","تمويل السيارات الصديقة للبيئة - الباقة القياسية، للمركبات المستعملة (وفق حدود العمر والكيلومترات)، ويُقدَّم بتكلفة تمويل تنافسية بمقدم أكبر 50% يقلّل إجمالي التمويل. بمعدل ثابت 16.1% (متناقص 28.5%)، وفترة سداد من 12 إلى 60 شهرًا، ويشمل تغطية الخسارة الكلية دون وثيقة منفصلة، مع إتاحة السداد المبكر. تمويل من 15,000 إلى 10,000,000 جنيه.",15000,10000000,12,60,MONTHLY,16.1,28.5,,,,FALSE,50,10,10,TRUE
cmbzt8liblowhwp44s49d25r7,consumer-financing,green-car,AUTO_LOAN,Green Cars - Managers & Staff - New,السيارة الخضراءs - المديرون والموظفون - الجديدة,An employees-only eco-friendly car financing programme.,تمويل السيارات الصديقة للبيئة - باقة الموظفين.,"An employees-only eco-friendly car financing programme, offered at our lowest financing cost with no down payment required. A 13.76% flat rate (24.5% declining), terms run 12–60 months, you arrange your own external motor insurance, early settlement is available. Finance from EGP 15,000 up to EGP 8,000,000.","تمويل السيارات الصديقة للبيئة - باقة الموظفين، ويُقدَّم بأقل تكلفة تمويل لدينا بدون مقدم. بمعدل ثابت 13.76% (متناقص 24.5%)، وفترة سداد من 12 إلى 60 شهرًا، مع تأمين خارجي على الأصل يوفّره العميل، مع إتاحة السداد المبكر. تمويل من 15,000 إلى 8,000,000 جنيه.",15000,8000000,12,60,MONTHLY,13.76,24.5,,0,,TRUE,0,0,10,TRUE
cm26dduptbfmk6tltmh56tfwl,consumer-financing,green-car,AUTO_LOAN,Green Cars - offer,السيارة الخضراءs - عرض,A limited promotional eco-friendly car financing offer.,تمويل السيارات الصديقة للبيئة - عرض ترويجي محدود.,"A limited promotional eco-friendly car financing offer, offered at a mid-range cost with a low 10% down payment. A 18.02% flat rate (31.75% declining), terms run 12–60 months, total-loss cover is built in, so no separate policy is needed, early settlement is available. Finance from EGP 15,000 up to EGP 10,000,000.","تمويل السيارات الصديقة للبيئة - عرض ترويجي محدود، ويُقدَّم بتكلفة متوسطة بمقدم منخفض 10%. بمعدل ثابت 18.02% (متناقص 31.75%)، وفترة سداد من 12 إلى 60 شهرًا، ويشمل تغطية الخسارة الكلية دون وثيقة منفصلة، مع إتاحة السداد المبكر. تمويل من 15,000 إلى 10,000,000 جنيه.",15000,10000000,12,60,MONTHLY,18.02,31.75,,60000,,FALSE,10,10,10,TRUE
cmz2pd9efd8n6iw3822yuubc8,consumer-financing,trucks,TRUCK_LOAN,Trucks - Standard New,الشاحنات - القياسية الجديدة,A standard truck & commercial-vehicle financing option.,تمويل الشاحنات والمركبات التجارية - الباقة القياسية.,"A standard truck & commercial-vehicle financing option, offered at a premium cost reflecting maximum flexibility with a larger 30% down payment that lowers your total financing. A 22.94% flat rate (39.95% declining), terms run 12–48 months, total-loss cover is built in, so no separate policy is needed, early settlement is available. Finance from EGP 50,000 up to EGP 8,000,000.","تمويل الشاحنات والمركبات التجارية - الباقة القياسية، ويُقدَّم بتكلفة مرتفعة مقابل أقصى مرونة بمقدم أكبر 30% يقلّل إجمالي التمويل. بمعدل ثابت 22.94% (متناقص 39.95%)، وفترة سداد من 12 إلى 48 شهرًا، ويشمل تغطية الخسارة الكلية دون وثيقة منفصلة، مع إتاحة السداد المبكر. تمويل من 50,000 إلى 8,000,000 جنيه.",50000,8000000,12,48,MONTHLY,22.94,39.95,,30000,,FALSE,30,0,10,TRUE
cm5cmxdzdcq3pz5u92o5ai4z3,consumer-financing,trucks,TRUCK_LOAN,Trucks - Standard Imported,الشاحنات - القياسية المستوردة,A standard truck & commercial-vehicle financing option.,تمويل الشاحنات والمركبات التجارية - الباقة القياسية.,"A standard truck & commercial-vehicle financing option, offered at a premium cost reflecting maximum flexibility with a larger 30% down payment that lowers your total financing. A 27.71% flat rate (47.75% declining), terms run 12–48 months, total-loss cover is built in, so no separate policy is needed, early settlement is available. Finance from EGP 50,000 up to EGP 8,000,000.","تمويل الشاحنات والمركبات التجارية - الباقة القياسية، ويُقدَّم بتكلفة مرتفعة مقابل أقصى مرونة بمقدم أكبر 30% يقلّل إجمالي التمويل. بمعدل ثابت 27.71% (متناقص 47.75%)، وفترة سداد من 12 إلى 48 شهرًا، ويشمل تغطية الخسارة الكلية دون وثيقة منفصلة، مع إتاحة السداد المبكر. تمويل من 50,000 إلى 8,000,000 جنيه.",50000,8000000,12,48,MONTHLY,27.71,47.75,,30000,,FALSE,30,0,10,TRUE
cmnal09mg3swgubfprsdwi0rr,consumer-financing,trucks,TRUCK_LOAN,Trucks - Flexible New,الشاحنات - المرنة الجديدة,A standard truck & commercial-vehicle financing option.,تمويل الشاحنات والمركبات التجارية - الباقة القياسية.,"A standard truck & commercial-vehicle financing option, offered at a premium cost reflecting maximum flexibility with a 20% down payment. A 24.03% flat rate (41.75% declining), terms run 12–60 months, total-loss cover is built in, so no separate policy is needed, early settlement is available. Finance from EGP 50,000 up to EGP 8,000,000.","تمويل الشاحنات والمركبات التجارية - الباقة القياسية، ويُقدَّم بتكلفة مرتفعة مقابل أقصى مرونة بمقدم 20%. بمعدل ثابت 24.03% (متناقص 41.75%)، وفترة سداد من 12 إلى 60 شهرًا، ويشمل تغطية الخسارة الكلية دون وثيقة منفصلة، مع إتاحة السداد المبكر. تمويل من 50,000 إلى 8,000,000 جنيه.",50000,8000000,12,60,MONTHLY,24.03,41.75,,30000,,FALSE,20,0,10,TRUE
cm2vbwvzd83og9c4twsym6p5u,consumer-financing,trucks,TRUCK_LOAN,Trucks - Flexible Imported,الشاحنات - المرنة المستوردة,A standard truck & commercial-vehicle financing option.,تمويل الشاحنات والمركبات التجارية - الباقة القياسية.,"A standard truck & commercial-vehicle financing option, offered at a premium cost reflecting maximum flexibility with a 20% down payment. A 28.64% flat rate (49.25% declining), terms run 12–60 months, total-loss cover is built in, so no separate policy is needed, early settlement is available. Finance from EGP 50,000 up to EGP 8,000,000.","تمويل الشاحنات والمركبات التجارية - الباقة القياسية، ويُقدَّم بتكلفة مرتفعة مقابل أقصى مرونة بمقدم 20%. بمعدل ثابت 28.64% (متناقص 49.25%)، وفترة سداد من 12 إلى 60 شهرًا، ويشمل تغطية الخسارة الكلية دون وثيقة منفصلة، مع إتاحة السداد المبكر. تمويل من 50,000 إلى 8,000,000 جنيه.",50000,8000000,12,60,MONTHLY,28.64,49.25,,30000,,FALSE,20,0,10,TRUE
cm62h3mmyjd40ko5xvamzl4jn,consumer-financing,trucks,TRUCK_LOAN,Trucks - Economy Imported,الشاحنات - الاقتصادية المستوردة,A standard truck & commercial-vehicle financing option.,تمويل الشاحنات والمركبات التجارية - الباقة القياسية.,"A standard truck & commercial-vehicle financing option, offered at a premium cost reflecting maximum flexibility with a larger 50% down payment that lowers your total financing. A 26.64% flat rate (46.01% declining), terms run 12–48 months, total-loss cover is built in, so no separate policy is needed, early settlement is available. Finance from EGP 50,000 up to EGP 8,000,000.","تمويل الشاحنات والمركبات التجارية - الباقة القياسية، ويُقدَّم بتكلفة مرتفعة مقابل أقصى مرونة بمقدم أكبر 50% يقلّل إجمالي التمويل. بمعدل ثابت 26.64% (متناقص 46.01%)، وفترة سداد من 12 إلى 48 شهرًا، ويشمل تغطية الخسارة الكلية دون وثيقة منفصلة، مع إتاحة السداد المبكر. تمويل من 50,000 إلى 8,000,000 جنيه.",50000,8000000,12,48,MONTHLY,26.64,46.01,,30000,,FALSE,50,0,10,TRUE
cmgyyxef81u9bbhrf3ukzc31t,consumer-financing,trucks,TRUCK_LOAN,Trucks - Economy Plus Used,الشاحنات - الاقتصادية بلس المستعملة,"A standard truck & commercial-vehicle financing option, for used vehicles (subject to car-age and mileage limits).","تمويل الشاحنات والمركبات التجارية - الباقة القياسية، للمركبات المستعملة (وفق حدود العمر والكيلومترات).","A standard truck & commercial-vehicle financing option, for used vehicles (subject to car-age and mileage limits), offered at a premium cost reflecting maximum flexibility with a larger 50% down payment that lowers your total financing. A 28.64% flat rate (49.25% declining), terms run 12–60 months, total-loss cover is built in, so no separate policy is needed, early settlement is available. Finance from EGP 50,000 up to EGP 8,000,000.","تمويل الشاحنات والمركبات التجارية - الباقة القياسية، للمركبات المستعملة (وفق حدود العمر والكيلومترات)، ويُقدَّم بتكلفة مرتفعة مقابل أقصى مرونة بمقدم أكبر 50% يقلّل إجمالي التمويل. بمعدل ثابت 28.64% (متناقص 49.25%)، وفترة سداد من 12 إلى 60 شهرًا، ويشمل تغطية الخسارة الكلية دون وثيقة منفصلة، مع إتاحة السداد المبكر. تمويل من 50,000 إلى 8,000,000 جنيه.",50000,8000000,12,60,MONTHLY,28.64,49.25,,30000,,FALSE,50,0,10,TRUE
cmwxjxqxqakqpzw38j70aio9m,consumer-financing,trucks,TRUCK_LOAN,Trucks - Economy Used,الشاحنات - الاقتصادية المستعملة,"A standard truck & commercial-vehicle financing option, for used vehicles (subject to car-age and mileage limits).","تمويل الشاحنات والمركبات التجارية - الباقة القياسية، للمركبات المستعملة (وفق حدود العمر والكيلومترات).","A standard truck & commercial-vehicle financing option, for used vehicles (subject to car-age and mileage limits), offered at a premium cost reflecting maximum flexibility with a larger 50% down payment that lowers your total financing. A 26.64% flat rate (46.01% declining), terms run 12–48 months, total-loss cover is built in, so no separate policy is needed, early settlement is available. Finance from EGP 50,000 up to EGP 8,000,000.","تمويل الشاحنات والمركبات التجارية - الباقة القياسية، للمركبات المستعملة (وفق حدود العمر والكيلومترات)، ويُقدَّم بتكلفة مرتفعة مقابل أقصى مرونة بمقدم أكبر 50% يقلّل إجمالي التمويل. بمعدل ثابت 26.64% (متناقص 46.01%)، وفترة سداد من 12 إلى 48 شهرًا، ويشمل تغطية الخسارة الكلية دون وثيقة منفصلة، مع إتاحة السداد المبكر. تمويل من 50,000 إلى 8,000,000 جنيه.",50000,8000000,12,48,MONTHLY,26.64,46.01,,30000,,FALSE,50,0,10,TRUE
cmmjlcb2w4qep0dsi5acqp4t8,consumer-financing,trucks,TRUCK_LOAN,Trucks - Economy Plus Imported,الشاحنات - الاقتصادية بلس المستوردة,A standard truck & commercial-vehicle financing option.,تمويل الشاحنات والمركبات التجارية - الباقة القياسية.,"A standard truck & commercial-vehicle financing option, offered at a premium cost reflecting maximum flexibility with a larger 50% down payment that lowers your total financing. A 27.56% flat rate (47.51% declining), terms run 12–60 months, total-loss cover is built in, so no separate policy is needed, early settlement is available. Finance from EGP 50,000 up to EGP 8,000,000.","تمويل الشاحنات والمركبات التجارية - الباقة القياسية، ويُقدَّم بتكلفة مرتفعة مقابل أقصى مرونة بمقدم أكبر 50% يقلّل إجمالي التمويل. بمعدل ثابت 27.56% (متناقص 47.51%)، وفترة سداد من 12 إلى 60 شهرًا، ويشمل تغطية الخسارة الكلية دون وثيقة منفصلة، مع إتاحة السداد المبكر. تمويل من 50,000 إلى 8,000,000 جنيه.",50000,8000000,12,60,MONTHLY,27.56,47.51,,30000,,FALSE,50,0,10,TRUE
cmie1nlw5mmukdzmh6avtml32,consumer-financing,trucks,TRUCK_LOAN,Trucks - Standard New (Extended),الشاحنات - القياسية الجديدة (ممتدة),A standard truck & commercial-vehicle financing option.,تمويل الشاحنات والمركبات التجارية - الباقة القياسية.,"A standard truck & commercial-vehicle financing option, offered at a premium cost reflecting maximum flexibility with no down payment required. A 22.94% flat rate (39.95% declining), terms run 12–60 months, total-loss cover is built in, so no separate policy is needed, early settlement is available. Finance from EGP 50,000 up to EGP 8,000,000.","تمويل الشاحنات والمركبات التجارية - الباقة القياسية، ويُقدَّم بتكلفة مرتفعة مقابل أقصى مرونة بدون مقدم. بمعدل ثابت 22.94% (متناقص 39.95%)، وفترة سداد من 12 إلى 60 شهرًا، ويشمل تغطية الخسارة الكلية دون وثيقة منفصلة، مع إتاحة السداد المبكر. تمويل من 50,000 إلى 8,000,000 جنيه.",50000,8000000,12,60,MONTHLY,22.94,39.95,,0,,FALSE,0,0,10,TRUE
cmv0oq9ccn4gjgvux9qs0jkfi,consumer-financing,trucks,TRUCK_LOAN,Trucks - Standard Imported (Extended),الشاحنات - القياسية المستوردة (ممتدة),A standard truck & commercial-vehicle financing option.,تمويل الشاحنات والمركبات التجارية - الباقة القياسية.,"A standard truck & commercial-vehicle financing option, offered at a premium cost reflecting maximum flexibility with no down payment required. A 27.71% flat rate (47.75% declining), terms run 12–60 months, total-loss cover is built in, so no separate policy is needed, early settlement is available. Finance from EGP 50,000 up to EGP 8,000,000.","تمويل الشاحنات والمركبات التجارية - الباقة القياسية، ويُقدَّم بتكلفة مرتفعة مقابل أقصى مرونة بدون مقدم. بمعدل ثابت 27.71% (متناقص 47.75%)، وفترة سداد من 12 إلى 60 شهرًا، ويشمل تغطية الخسارة الكلية دون وثيقة منفصلة، مع إتاحة السداد المبكر. تمويل من 50,000 إلى 8,000,000 جنيه.",50000,8000000,12,60,MONTHLY,27.71,47.75,,0,,FALSE,0,0,10,TRUE
cmc63aqdlk13v6sncwbx6wqlv,consumer-financing,trucks,TRUCK_LOAN,Trucks - Flexible New (Extended),الشاحنات - المرنة الجديدة (ممتدة),A standard truck & commercial-vehicle financing option.,تمويل الشاحنات والمركبات التجارية - الباقة القياسية.,"A standard truck & commercial-vehicle financing option, offered at a premium cost reflecting maximum flexibility with no down payment required. A 24.03% flat rate (41.75% declining), terms run 12–60 months, total-loss cover is built in, so no separate policy is needed, early settlement is available. Finance from EGP 50,000 up to EGP 8,000,000.","تمويل الشاحنات والمركبات التجارية - الباقة القياسية، ويُقدَّم بتكلفة مرتفعة مقابل أقصى مرونة بدون مقدم. بمعدل ثابت 24.03% (متناقص 41.75%)، وفترة سداد من 12 إلى 60 شهرًا، ويشمل تغطية الخسارة الكلية دون وثيقة منفصلة، مع إتاحة السداد المبكر. تمويل من 50,000 إلى 8,000,000 جنيه.",50000,8000000,12,60,MONTHLY,24.03,41.75,,0,,FALSE,0,0,10,TRUE
cmopbg9fyg5lpyc7kykzvozcw,consumer-financing,trucks,TRUCK_LOAN,Trucks - Flexible Imported (Extended),الشاحنات - المرنة المستوردة (ممتدة),A standard truck & commercial-vehicle financing option.,تمويل الشاحنات والمركبات التجارية - الباقة القياسية.,"A standard truck & commercial-vehicle financing option, offered at a premium cost reflecting maximum flexibility with no down payment required. A 28.64% flat rate (49.25% declining), terms run 12–60 months, total-loss cover is built in, so no separate policy is needed, early settlement is available. Finance from EGP 50,000 up to EGP 8,000,000.","تمويل الشاحنات والمركبات التجارية - الباقة القياسية، ويُقدَّم بتكلفة مرتفعة مقابل أقصى مرونة بدون مقدم. بمعدل ثابت 28.64% (متناقص 49.25%)، وفترة سداد من 12 إلى 60 شهرًا، ويشمل تغطية الخسارة الكلية دون وثيقة منفصلة، مع إتاحة السداد المبكر. تمويل من 50,000 إلى 8,000,000 جنيه.",50000,8000000,12,60,MONTHLY,28.64,49.25,,0,,FALSE,0,0,10,TRUE
cmjm0knbsguxyiem85xe9po6t,consumer-financing,trucks,TRUCK_LOAN,Trucks - Standard New - Enterprise,الشاحنات - القياسية الجديدة - المؤسسات,A standard truck & commercial-vehicle financing option.,تمويل الشاحنات والمركبات التجارية - الباقة القياسية.,"A standard truck & commercial-vehicle financing option, offered at a premium cost reflecting maximum flexibility with a larger 30% down payment that lowers your total financing. A 21.73% flat rate (37.95% declining), terms run 12–48 months, total-loss cover is built in, so no separate policy is needed, early settlement is available. Finance from EGP 50,000 up to EGP 8,000,000.","تمويل الشاحنات والمركبات التجارية - الباقة القياسية، ويُقدَّم بتكلفة مرتفعة مقابل أقصى مرونة بمقدم أكبر 30% يقلّل إجمالي التمويل. بمعدل ثابت 21.73% (متناقص 37.95%)، وفترة سداد من 12 إلى 48 شهرًا، ويشمل تغطية الخسارة الكلية دون وثيقة منفصلة، مع إتاحة السداد المبكر. تمويل من 50,000 إلى 8,000,000 جنيه.",50000,8000000,12,48,MONTHLY,21.73,37.95,,30000,,FALSE,30,0,10,TRUE
cmgv6pbccynx76w0aq74s0bfb,consumer-financing,trucks,TRUCK_LOAN,Trucks - Standard Imported- Enterprise,الشاحنات - القياسية المستوردة - المؤسسات,A standard truck & commercial-vehicle financing option.,تمويل الشاحنات والمركبات التجارية - الباقة القياسية.,"A standard truck & commercial-vehicle financing option, offered at a premium cost reflecting maximum flexibility with a larger 30% down payment that lowers your total financing. A 26.48% flat rate (45.75% declining), terms run 12–48 months, total-loss cover is built in, so no separate policy is needed, early settlement is available. Finance from EGP 50,000 up to EGP 8,000,000.","تمويل الشاحنات والمركبات التجارية - الباقة القياسية، ويُقدَّم بتكلفة مرتفعة مقابل أقصى مرونة بمقدم أكبر 30% يقلّل إجمالي التمويل. بمعدل ثابت 26.48% (متناقص 45.75%)، وفترة سداد من 12 إلى 48 شهرًا، ويشمل تغطية الخسارة الكلية دون وثيقة منفصلة، مع إتاحة السداد المبكر. تمويل من 50,000 إلى 8,000,000 جنيه.",50000,8000000,12,48,MONTHLY,26.48,45.75,,30000,,FALSE,30,0,10,TRUE
cmptdozq7in3c9q2k6strgkit,consumer-financing,trucks,TRUCK_LOAN,Trucks - Flexible New- Enterprise,الشاحنات - المرنة الجديدة - المؤسسات,A standard truck & commercial-vehicle financing option.,تمويل الشاحنات والمركبات التجارية - الباقة القياسية.,"A standard truck & commercial-vehicle financing option, offered at a premium cost reflecting maximum flexibility with a 20% down payment. A 22.81% flat rate (39.75% declining), terms run 12–60 months, total-loss cover is built in, so no separate policy is needed, early settlement is available. Finance from EGP 50,000 up to EGP 8,000,000.","تمويل الشاحنات والمركبات التجارية - الباقة القياسية، ويُقدَّم بتكلفة مرتفعة مقابل أقصى مرونة بمقدم 20%. بمعدل ثابت 22.81% (متناقص 39.75%)، وفترة سداد من 12 إلى 60 شهرًا، ويشمل تغطية الخسارة الكلية دون وثيقة منفصلة، مع إتاحة السداد المبكر. تمويل من 50,000 إلى 8,000,000 جنيه.",50000,8000000,12,60,MONTHLY,22.81,39.75,,30000,,FALSE,20,0,10,TRUE
cmha5vg140blmmilie6ih44kc,consumer-financing,trucks,TRUCK_LOAN,Trucks - Flexible Imported- Enterprise,الشاحنات - المرنة المستوردة - المؤسسات,A standard truck & commercial-vehicle financing option.,تمويل الشاحنات والمركبات التجارية - الباقة القياسية.,"A standard truck & commercial-vehicle financing option, offered at a premium cost reflecting maximum flexibility with a 20% down payment. A 27.4% flat rate (47.25% declining), terms run 12–60 months, total-loss cover is built in, so no separate policy is needed, early settlement is available. Finance from EGP 50,000 up to EGP 8,000,000.","تمويل الشاحنات والمركبات التجارية - الباقة القياسية، ويُقدَّم بتكلفة مرتفعة مقابل أقصى مرونة بمقدم 20%. بمعدل ثابت 27.4% (متناقص 47.25%)، وفترة سداد من 12 إلى 60 شهرًا، ويشمل تغطية الخسارة الكلية دون وثيقة منفصلة، مع إتاحة السداد المبكر. تمويل من 50,000 إلى 8,000,000 جنيه.",50000,8000000,12,60,MONTHLY,27.4,47.25,,30000,,FALSE,20,0,10,TRUE
cmwbeupv8o5dezop9szji7apf,consumer-financing,trucks,TRUCK_LOAN,Trucks - Economy Imported- Enterprise,الشاحنات - الاقتصادية المستوردة - المؤسسات,A standard truck & commercial-vehicle financing option.,تمويل الشاحنات والمركبات التجارية - الباقة القياسية.,"A standard truck & commercial-vehicle financing option, offered at a premium cost reflecting maximum flexibility with a larger 30% down payment that lowers your total financing. A 25.41% flat rate (44.01% declining), terms run 12–48 months, total-loss cover is built in, so no separate policy is needed, early settlement is available. Finance from EGP 50,000 up to EGP 8,000,000.","تمويل الشاحنات والمركبات التجارية - الباقة القياسية، ويُقدَّم بتكلفة مرتفعة مقابل أقصى مرونة بمقدم أكبر 30% يقلّل إجمالي التمويل. بمعدل ثابت 25.41% (متناقص 44.01%)، وفترة سداد من 12 إلى 48 شهرًا، ويشمل تغطية الخسارة الكلية دون وثيقة منفصلة، مع إتاحة السداد المبكر. تمويل من 50,000 إلى 8,000,000 جنيه.",50000,8000000,12,48,MONTHLY,25.41,44.01,,30000,,FALSE,30,0,10,TRUE
cmdaxvbbt8cvw8ytl82m5ybfn,consumer-financing,trucks,TRUCK_LOAN,Trucks - Economy Plus Used - Enterprise,الشاحنات - الاقتصادية بلس المستعملة - المؤسسات,"A standard truck & commercial-vehicle financing option, for used vehicles (subject to car-age and mileage limits).","تمويل الشاحنات والمركبات التجارية - الباقة القياسية، للمركبات المستعملة (وفق حدود العمر والكيلومترات).","A standard truck & commercial-vehicle financing option, for used vehicles (subject to car-age and mileage limits), offered at a premium cost reflecting maximum flexibility with a larger 30% down payment that lowers your total financing. A 27.4% flat rate (47.25% declining), terms run 12–60 months, total-loss cover is built in, so no separate policy is needed, early settlement is available. Finance from EGP 50,000 up to EGP 8,000,000.","تمويل الشاحنات والمركبات التجارية - الباقة القياسية، للمركبات المستعملة (وفق حدود العمر والكيلومترات)، ويُقدَّم بتكلفة مرتفعة مقابل أقصى مرونة بمقدم أكبر 30% يقلّل إجمالي التمويل. بمعدل ثابت 27.4% (متناقص 47.25%)، وفترة سداد من 12 إلى 60 شهرًا، ويشمل تغطية الخسارة الكلية دون وثيقة منفصلة، مع إتاحة السداد المبكر. تمويل من 50,000 إلى 8,000,000 جنيه.",50000,8000000,12,60,MONTHLY,27.4,47.25,,30000,,FALSE,30,0,10,TRUE
cmyj5hux1wrm7au2toipegt76,consumer-financing,trucks,TRUCK_LOAN,Trucks - Economy Used- Enterprise,الشاحنات - الاقتصادية المستعملة - المؤسسات,"A standard truck & commercial-vehicle financing option, for used vehicles (subject to car-age and mileage limits).","تمويل الشاحنات والمركبات التجارية - الباقة القياسية، للمركبات المستعملة (وفق حدود العمر والكيلومترات).","A standard truck & commercial-vehicle financing option, for used vehicles (subject to car-age and mileage limits), offered at a premium cost reflecting maximum flexibility with a larger 30% down payment that lowers your total financing. A 25.41% flat rate (44.01% declining), terms run 12–48 months, total-loss cover is built in, so no separate policy is needed, early settlement is available. Finance from EGP 50,000 up to EGP 8,000,000.","تمويل الشاحنات والمركبات التجارية - الباقة القياسية، للمركبات المستعملة (وفق حدود العمر والكيلومترات)، ويُقدَّم بتكلفة مرتفعة مقابل أقصى مرونة بمقدم أكبر 30% يقلّل إجمالي التمويل. بمعدل ثابت 25.41% (متناقص 44.01%)، وفترة سداد من 12 إلى 48 شهرًا، ويشمل تغطية الخسارة الكلية دون وثيقة منفصلة، مع إتاحة السداد المبكر. تمويل من 50,000 إلى 8,000,000 جنيه.",50000,8000000,12,48,MONTHLY,25.41,44.01,,30000,,FALSE,30,0,10,TRUE
cmafgmrbq198j5jvzoxnjbhvm,consumer-financing,trucks,TRUCK_LOAN,Trucks - Economy Plus Imported- Enterprise,الشاحنات - الاقتصادية بلس المستوردة - المؤسسات,A standard truck & commercial-vehicle financing option.,تمويل الشاحنات والمركبات التجارية - الباقة القياسية.,"A standard truck & commercial-vehicle financing option, offered at a premium cost reflecting maximum flexibility with a larger 30% down payment that lowers your total financing. A 26.33% flat rate (45.51% declining), terms run 12–60 months, total-loss cover is built in, so no separate policy is needed, early settlement is available. Finance from EGP 50,000 up to EGP 8,000,000.","تمويل الشاحنات والمركبات التجارية - الباقة القياسية، ويُقدَّم بتكلفة مرتفعة مقابل أقصى مرونة بمقدم أكبر 30% يقلّل إجمالي التمويل. بمعدل ثابت 26.33% (متناقص 45.51%)، وفترة سداد من 12 إلى 60 شهرًا، ويشمل تغطية الخسارة الكلية دون وثيقة منفصلة، مع إتاحة السداد المبكر. تمويل من 50,000 إلى 8,000,000 جنيه.",50000,8000000,12,60,MONTHLY,26.33,45.51,,30000,,FALSE,30,0,10,TRUE
cmf94yi9ypawi8uwtwswf07db,consumer-financing,trucks,TRUCK_LOAN,TRELLA - 20% DP NEW & USED,تريلا - 20% DP الجديدة & المستعملة,"A standard truck & commercial-vehicle financing option, for used vehicles (subject to car-age and mileage limits).","تمويل الشاحنات والمركبات التجارية - الباقة القياسية، للمركبات المستعملة (وفق حدود العمر والكيلومترات).","A standard truck & commercial-vehicle financing option, for used vehicles (subject to car-age and mileage limits), offered at an above-average cost for added flexibility with a 20% down payment. A 19.66% flat rate (34.5% declining), terms run 12–60 months, total-loss cover is built in, so no separate policy is needed, early settlement is available. Finance from EGP 50,000 up to EGP 10,000,000.","تمويل الشاحنات والمركبات التجارية - الباقة القياسية، للمركبات المستعملة (وفق حدود العمر والكيلومترات)، ويُقدَّم بتكلفة أعلى من المتوسط مقابل مرونة إضافية بمقدم 20%. بمعدل ثابت 19.66% (متناقص 34.5%)، وفترة سداد من 12 إلى 60 شهرًا، ويشمل تغطية الخسارة الكلية دون وثيقة منفصلة، مع إتاحة السداد المبكر. تمويل من 50,000 إلى 10,000,000 جنيه.",50000,10000000,12,60,MONTHLY,19.66,34.5,,60000,,FALSE,20,10,10,TRUE
cmjb74ydl5abp494vok9vhbnu,consumer-financing,trucks,TRUCK_LOAN,TRELLA 25% DP NEW & USED,تريلا 25% DP الجديدة & المستعملة,"A standard truck & commercial-vehicle financing option, for used vehicles (subject to car-age and mileage limits).","تمويل الشاحنات والمركبات التجارية - الباقة القياسية، للمركبات المستعملة (وفق حدود العمر والكيلومترات).","A standard truck & commercial-vehicle financing option, for used vehicles (subject to car-age and mileage limits), offered at a premium cost reflecting maximum flexibility with a 25% down payment. A 20.85% flat rate (36.5% declining), terms run 12–60 months, total-loss cover is built in, so no separate policy is needed, early settlement is available. Finance from EGP 50,000 up to EGP 10,000,000.","تمويل الشاحنات والمركبات التجارية - الباقة القياسية، للمركبات المستعملة (وفق حدود العمر والكيلومترات)، ويُقدَّم بتكلفة مرتفعة مقابل أقصى مرونة بمقدم 25%. بمعدل ثابت 20.85% (متناقص 36.5%)، وفترة سداد من 12 إلى 60 شهرًا، ويشمل تغطية الخسارة الكلية دون وثيقة منفصلة، مع إتاحة السداد المبكر. تمويل من 50,000 إلى 10,000,000 جنيه.",50000,10000000,12,60,MONTHLY,20.85,36.5,,60000,,FALSE,25,10,10,TRUE
cmhmrfykpqmpqwlwefgsnbryz,consumer-financing,trucks,TRUCK_LOAN,TRELLA 30% DP NEW & USED,تريلا 30% DP الجديدة & المستعملة,"A standard truck & commercial-vehicle financing option, for used vehicles (subject to car-age and mileage limits).","تمويل الشاحنات والمركبات التجارية - الباقة القياسية، للمركبات المستعملة (وفق حدود العمر والكيلومترات).","A standard truck & commercial-vehicle financing option, for used vehicles (subject to car-age and mileage limits), offered at a premium cost reflecting maximum flexibility with a larger 30% down payment that lowers your total financing. A 20.85% flat rate (36.5% declining), terms run 12–60 months, total-loss cover is built in, so no separate policy is needed, early settlement is available. Finance from EGP 50,000 up to EGP 10,000,000.","تمويل الشاحنات والمركبات التجارية - الباقة القياسية، للمركبات المستعملة (وفق حدود العمر والكيلومترات)، ويُقدَّم بتكلفة مرتفعة مقابل أقصى مرونة بمقدم أكبر 30% يقلّل إجمالي التمويل. بمعدل ثابت 20.85% (متناقص 36.5%)، وفترة سداد من 12 إلى 60 شهرًا، ويشمل تغطية الخسارة الكلية دون وثيقة منفصلة، مع إتاحة السداد المبكر. تمويل من 50,000 إلى 10,000,000 جنيه.",50000,10000000,12,60,MONTHLY,20.85,36.5,,60000,,FALSE,30,10,10,TRUE
cms6s47yzb8wcy44hpgjhct16,consumer-financing,trucks,TRUCK_LOAN,TRELLA 40% DP NEW & USED,تريلا 40% DP الجديدة & المستعملة,"A standard truck & commercial-vehicle financing option, for used vehicles (subject to car-age and mileage limits).","تمويل الشاحنات والمركبات التجارية - الباقة القياسية، للمركبات المستعملة (وفق حدود العمر والكيلومترات).","A standard truck & commercial-vehicle financing option, for used vehicles (subject to car-age and mileage limits), offered at a premium cost reflecting maximum flexibility with a larger 40% down payment that lowers your total financing. A 20.85% flat rate (36.5% declining), terms run 12–60 months, total-loss cover is built in, so no separate policy is needed, early settlement is available. Finance from EGP 50,000 up to EGP 10,000,000.","تمويل الشاحنات والمركبات التجارية - الباقة القياسية، للمركبات المستعملة (وفق حدود العمر والكيلومترات)، ويُقدَّم بتكلفة مرتفعة مقابل أقصى مرونة بمقدم أكبر 40% يقلّل إجمالي التمويل. بمعدل ثابت 20.85% (متناقص 36.5%)، وفترة سداد من 12 إلى 60 شهرًا، ويشمل تغطية الخسارة الكلية دون وثيقة منفصلة، مع إتاحة السداد المبكر. تمويل من 50,000 إلى 10,000,000 جنيه.",50000,10000000,12,60,MONTHLY,20.85,36.5,,60000,,FALSE,40,10,10,TRUE
cmrfli0n277dmvysf2kmpl2p4,consumer-financing,trucks,TRUCK_LOAN,TRELLA 50% DP NEW & USED,تريلا 50% DP الجديدة & المستعملة,"A standard truck & commercial-vehicle financing option, for used vehicles (subject to car-age and mileage limits).","تمويل الشاحنات والمركبات التجارية - الباقة القياسية، للمركبات المستعملة (وفق حدود العمر والكيلومترات).","A standard truck & commercial-vehicle financing option, for used vehicles (subject to car-age and mileage limits), offered at a premium cost reflecting maximum flexibility with a larger 50% down payment that lowers your total financing. A 22.06% flat rate (38.5% declining), terms run 12–60 months, total-loss cover is built in, so no separate policy is needed, early settlement is available. Finance from EGP 50,000 up to EGP 10,000,000.","تمويل الشاحنات والمركبات التجارية - الباقة القياسية، للمركبات المستعملة (وفق حدود العمر والكيلومترات)، ويُقدَّم بتكلفة مرتفعة مقابل أقصى مرونة بمقدم أكبر 50% يقلّل إجمالي التمويل. بمعدل ثابت 22.06% (متناقص 38.5%)، وفترة سداد من 12 إلى 60 شهرًا، ويشمل تغطية الخسارة الكلية دون وثيقة منفصلة، مع إتاحة السداد المبكر. تمويل من 50,000 إلى 10,000,000 جنيه.",50000,10000000,12,60,MONTHLY,22.06,38.5,,60000,,FALSE,50,10,10,TRUE
cm6b04720ns901rltl7lcv1gz,consumer-financing,trucks,TRUCK_LOAN,PICK UP 20% DP NEW,بيك أب 20% DP الجديدة,A standard truck & commercial-vehicle financing option.,تمويل الشاحنات والمركبات التجارية - الباقة القياسية.,"A standard truck & commercial-vehicle financing option, offered at an above-average cost for added flexibility with a 20% down payment. A 19.66% flat rate (34.5% declining), terms run 12–36 months, total-loss cover is built in, so no separate policy is needed, early settlement is available. Finance from EGP 50,000 up to EGP 10,000,000.","تمويل الشاحنات والمركبات التجارية - الباقة القياسية، ويُقدَّم بتكلفة أعلى من المتوسط مقابل مرونة إضافية بمقدم 20%. بمعدل ثابت 19.66% (متناقص 34.5%)، وفترة سداد من 12 إلى 36 شهرًا، ويشمل تغطية الخسارة الكلية دون وثيقة منفصلة، مع إتاحة السداد المبكر. تمويل من 50,000 إلى 10,000,000 جنيه.",50000,10000000,12,36,MONTHLY,19.66,34.5,,60000,,FALSE,20,10,10,TRUE
cmw7yygyymnygdkw6ng9o1iq5,consumer-financing,trucks,TRUCK_LOAN,PICK UP 20% DP USED,بيك أب 20% DP المستعملة,"A standard truck & commercial-vehicle financing option, for used vehicles (subject to car-age and mileage limits).","تمويل الشاحنات والمركبات التجارية - الباقة القياسية، للمركبات المستعملة (وفق حدود العمر والكيلومترات).","A standard truck & commercial-vehicle financing option, for used vehicles (subject to car-age and mileage limits), offered at an above-average cost for added flexibility with a 20% down payment. A 20.25% flat rate (35.5% declining), terms run 12–36 months, total-loss cover is built in, so no separate policy is needed, early settlement is available. Finance from EGP 50,000 up to EGP 10,000,000.","تمويل الشاحنات والمركبات التجارية - الباقة القياسية، للمركبات المستعملة (وفق حدود العمر والكيلومترات)، ويُقدَّم بتكلفة أعلى من المتوسط مقابل مرونة إضافية بمقدم 20%. بمعدل ثابت 20.25% (متناقص 35.5%)، وفترة سداد من 12 إلى 36 شهرًا، ويشمل تغطية الخسارة الكلية دون وثيقة منفصلة، مع إتاحة السداد المبكر. تمويل من 50,000 إلى 10,000,000 جنيه.",50000,10000000,12,36,MONTHLY,20.25,35.5,,60000,,FALSE,20,10,10,TRUE
cmed2r6scewpkjp1rzl9ro6e3,consumer-financing,trucks,TRUCK_LOAN,PICK UP 30% DP NEW,بيك أب 30% DP الجديدة,A standard truck & commercial-vehicle financing option.,تمويل الشاحنات والمركبات التجارية - الباقة القياسية.,"A standard truck & commercial-vehicle financing option, offered at a premium cost reflecting maximum flexibility with a larger 30% down payment that lowers your total financing. A 20.85% flat rate (36.5% declining), terms run 12–36 months, total-loss cover is built in, so no separate policy is needed, early settlement is available. Finance from EGP 50,000 up to EGP 10,000,000.","تمويل الشاحنات والمركبات التجارية - الباقة القياسية، ويُقدَّم بتكلفة مرتفعة مقابل أقصى مرونة بمقدم أكبر 30% يقلّل إجمالي التمويل. بمعدل ثابت 20.85% (متناقص 36.5%)، وفترة سداد من 12 إلى 36 شهرًا، ويشمل تغطية الخسارة الكلية دون وثيقة منفصلة، مع إتاحة السداد المبكر. تمويل من 50,000 إلى 10,000,000 جنيه.",50000,10000000,12,36,MONTHLY,20.85,36.5,,60000,,FALSE,30,10,10,TRUE
cmr8fiy2ybfiwm1tpd1xyo1fx,consumer-financing,trucks,TRUCK_LOAN,PICK UP 30% DP USED,بيك أب 30% DP المستعملة,"A standard truck & commercial-vehicle financing option, for used vehicles (subject to car-age and mileage limits).","تمويل الشاحنات والمركبات التجارية - الباقة القياسية، للمركبات المستعملة (وفق حدود العمر والكيلومترات).","A standard truck & commercial-vehicle financing option, for used vehicles (subject to car-age and mileage limits), offered at a premium cost reflecting maximum flexibility with a larger 30% down payment that lowers your total financing. A 21.46% flat rate (37.5% declining), terms run 12–36 months, total-loss cover is built in, so no separate policy is needed, early settlement is available. Finance from EGP 50,000 up to EGP 10,000,000.","تمويل الشاحنات والمركبات التجارية - الباقة القياسية، للمركبات المستعملة (وفق حدود العمر والكيلومترات)، ويُقدَّم بتكلفة مرتفعة مقابل أقصى مرونة بمقدم أكبر 30% يقلّل إجمالي التمويل. بمعدل ثابت 21.46% (متناقص 37.5%)، وفترة سداد من 12 إلى 36 شهرًا، ويشمل تغطية الخسارة الكلية دون وثيقة منفصلة، مع إتاحة السداد المبكر. تمويل من 50,000 إلى 10,000,000 جنيه.",50000,10000000,12,36,MONTHLY,21.46,37.5,,60000,,FALSE,30,10,10,TRUE
cmjd2y04zrcub8mg8ctv44tf8,consumer-financing,trucks,TRUCK_LOAN,PICK UP 40% DP NEW,بيك أب 40% DP الجديدة,A standard truck & commercial-vehicle financing option.,تمويل الشاحنات والمركبات التجارية - الباقة القياسية.,"A standard truck & commercial-vehicle financing option, offered at a premium cost reflecting maximum flexibility with a larger 40% down payment that lowers your total financing. A 20.85% flat rate (36.5% declining), terms run 12–60 months, total-loss cover is built in, so no separate policy is needed, early settlement is available. Finance from EGP 50,000 up to EGP 10,000,000.","تمويل الشاحنات والمركبات التجارية - الباقة القياسية، ويُقدَّم بتكلفة مرتفعة مقابل أقصى مرونة بمقدم أكبر 40% يقلّل إجمالي التمويل. بمعدل ثابت 20.85% (متناقص 36.5%)، وفترة سداد من 12 إلى 60 شهرًا، ويشمل تغطية الخسارة الكلية دون وثيقة منفصلة، مع إتاحة السداد المبكر. تمويل من 50,000 إلى 10,000,000 جنيه.",50000,10000000,12,60,MONTHLY,20.85,36.5,,60000,,FALSE,40,10,10,TRUE
cm9vjxgyavh4rrbf04q0o8no9,consumer-financing,trucks,TRUCK_LOAN,PICK UP 40% DP USED,بيك أب 40% DP المستعملة,"A standard truck & commercial-vehicle financing option, for used vehicles (subject to car-age and mileage limits).","تمويل الشاحنات والمركبات التجارية - الباقة القياسية، للمركبات المستعملة (وفق حدود العمر والكيلومترات).","A standard truck & commercial-vehicle financing option, for used vehicles (subject to car-age and mileage limits), offered at a premium cost reflecting maximum flexibility with a larger 40% down payment that lowers your total financing. A 21.46% flat rate (37.5% declining), terms run 12–60 months, total-loss cover is built in, so no separate policy is needed, early settlement is available. Finance from EGP 50,000 up to EGP 10,000,000.","تمويل الشاحنات والمركبات التجارية - الباقة القياسية، للمركبات المستعملة (وفق حدود العمر والكيلومترات)، ويُقدَّم بتكلفة مرتفعة مقابل أقصى مرونة بمقدم أكبر 40% يقلّل إجمالي التمويل. بمعدل ثابت 21.46% (متناقص 37.5%)، وفترة سداد من 12 إلى 60 شهرًا، ويشمل تغطية الخسارة الكلية دون وثيقة منفصلة، مع إتاحة السداد المبكر. تمويل من 50,000 إلى 10,000,000 جنيه.",50000,10000000,12,60,MONTHLY,21.46,37.5,,60000,,FALSE,40,10,10,TRUE
cm4524fnfbehkk6p46yq53eax,consumer-financing,trucks,TRUCK_LOAN,PICK UP 50% DP NEW,بيك أب 50% DP الجديدة,A standard truck & commercial-vehicle financing option.,تمويل الشاحنات والمركبات التجارية - الباقة القياسية.,"A standard truck & commercial-vehicle financing option, offered at a premium cost reflecting maximum flexibility with a larger 50% down payment that lowers your total financing. A 22.06% flat rate (38.5% declining), terms run 12–60 months, total-loss cover is built in, so no separate policy is needed, early settlement is available. Finance from EGP 50,000 up to EGP 10,000,000.","تمويل الشاحنات والمركبات التجارية - الباقة القياسية، ويُقدَّم بتكلفة مرتفعة مقابل أقصى مرونة بمقدم أكبر 50% يقلّل إجمالي التمويل. بمعدل ثابت 22.06% (متناقص 38.5%)، وفترة سداد من 12 إلى 60 شهرًا، ويشمل تغطية الخسارة الكلية دون وثيقة منفصلة، مع إتاحة السداد المبكر. تمويل من 50,000 إلى 10,000,000 جنيه.",50000,10000000,12,60,MONTHLY,22.06,38.5,,60000,,FALSE,50,10,10,TRUE
cmmf0q0qdisbje9u97du2th7w,consumer-financing,trucks,TRUCK_LOAN,PICK UP 50% DP USED,بيك أب 50% DP المستعملة,"A standard truck & commercial-vehicle financing option, for used vehicles (subject to car-age and mileage limits).","تمويل الشاحنات والمركبات التجارية - الباقة القياسية، للمركبات المستعملة (وفق حدود العمر والكيلومترات).","A standard truck & commercial-vehicle financing option, for used vehicles (subject to car-age and mileage limits), offered at a premium cost reflecting maximum flexibility with a larger 50% down payment that lowers your total financing. A 22.66% flat rate (39.5% declining), terms run 12–60 months, total-loss cover is built in, so no separate policy is needed, early settlement is available. Finance from EGP 50,000 up to EGP 10,000,000.","تمويل الشاحنات والمركبات التجارية - الباقة القياسية، للمركبات المستعملة (وفق حدود العمر والكيلومترات)، ويُقدَّم بتكلفة مرتفعة مقابل أقصى مرونة بمقدم أكبر 50% يقلّل إجمالي التمويل. بمعدل ثابت 22.66% (متناقص 39.5%)، وفترة سداد من 12 إلى 60 شهرًا، ويشمل تغطية الخسارة الكلية دون وثيقة منفصلة، مع إتاحة السداد المبكر. تمويل من 50,000 إلى 10,000,000 جنيه.",50000,10000000,12,60,MONTHLY,22.66,39.5,,60000,,FALSE,50,10,10,TRUE
cmo1tc4k6ww92vj5rmarv1bx1,consumer-financing,trucks,TRUCK_LOAN,TRELLA 30% DP NEW,تريلا 30% DP الجديدة,A standard truck & commercial-vehicle financing option.,تمويل الشاحنات والمركبات التجارية - الباقة القياسية.,"A standard truck & commercial-vehicle financing option, offered at a premium cost reflecting maximum flexibility with a larger 30% down payment that lowers your total financing. A 20.85% flat rate (36.5% declining), terms run 12–60 months, total-loss cover is built in, so no separate policy is needed, early settlement is available. Finance from EGP 50,000 up to EGP 10,000,000.","تمويل الشاحنات والمركبات التجارية - الباقة القياسية، ويُقدَّم بتكلفة مرتفعة مقابل أقصى مرونة بمقدم أكبر 30% يقلّل إجمالي التمويل. بمعدل ثابت 20.85% (متناقص 36.5%)، وفترة سداد من 12 إلى 60 شهرًا، ويشمل تغطية الخسارة الكلية دون وثيقة منفصلة، مع إتاحة السداد المبكر. تمويل من 50,000 إلى 10,000,000 جنيه.",50000,10000000,12,60,MONTHLY,20.85,36.5,,60000,,FALSE,30,10,10,TRUE
cmlxv6c1w0fc4au3ilxf8u5du,consumer-financing,trucks,TRUCK_LOAN,TRELLA 30% DP USED,تريلا 30% DP المستعملة,"A standard truck & commercial-vehicle financing option, for used vehicles (subject to car-age and mileage limits).","تمويل الشاحنات والمركبات التجارية - الباقة القياسية، للمركبات المستعملة (وفق حدود العمر والكيلومترات).","A standard truck & commercial-vehicle financing option, for used vehicles (subject to car-age and mileage limits), offered at a premium cost reflecting maximum flexibility with a larger 30% down payment that lowers your total financing. A 20.85% flat rate (36.5% declining), terms run 12–60 months, total-loss cover is built in, so no separate policy is needed, early settlement is available. Finance from EGP 50,000 up to EGP 10,000,000.","تمويل الشاحنات والمركبات التجارية - الباقة القياسية، للمركبات المستعملة (وفق حدود العمر والكيلومترات)، ويُقدَّم بتكلفة مرتفعة مقابل أقصى مرونة بمقدم أكبر 30% يقلّل إجمالي التمويل. بمعدل ثابت 20.85% (متناقص 36.5%)، وفترة سداد من 12 إلى 60 شهرًا، ويشمل تغطية الخسارة الكلية دون وثيقة منفصلة، مع إتاحة السداد المبكر. تمويل من 50,000 إلى 10,000,000 جنيه.",50000,10000000,12,60,MONTHLY,20.85,36.5,,60000,,FALSE,30,10,10,TRUE
cmz5w1ah6kztmsqs9mw1eqrze,consumer-financing,trucks,TRUCK_LOAN,PICK UP 30% DP NEW,بيك أب 30% DP الجديدة,A standard truck & commercial-vehicle financing option.,تمويل الشاحنات والمركبات التجارية - الباقة القياسية.,"A standard truck & commercial-vehicle financing option, offered at a premium cost reflecting maximum flexibility with a larger 30% down payment that lowers your total financing. A 20.85% flat rate (36.5% declining), terms run 12–36 months, total-loss cover is built in, so no separate policy is needed, early settlement is available. Finance from EGP 50,000 up to EGP 10,000,000.","تمويل الشاحنات والمركبات التجارية - الباقة القياسية، ويُقدَّم بتكلفة مرتفعة مقابل أقصى مرونة بمقدم أكبر 30% يقلّل إجمالي التمويل. بمعدل ثابت 20.85% (متناقص 36.5%)، وفترة سداد من 12 إلى 36 شهرًا، ويشمل تغطية الخسارة الكلية دون وثيقة منفصلة، مع إتاحة السداد المبكر. تمويل من 50,000 إلى 10,000,000 جنيه.",50000,10000000,12,36,MONTHLY,20.85,36.5,,60000,,FALSE,30,10,10,TRUE
cmktwck7pnpjz03tp02i874gb,consumer-financing,trucks,TRUCK_LOAN,PICK UP 30% DP USED,بيك أب 30% DP المستعملة,"A standard truck & commercial-vehicle financing option, for used vehicles (subject to car-age and mileage limits).","تمويل الشاحنات والمركبات التجارية - الباقة القياسية، للمركبات المستعملة (وفق حدود العمر والكيلومترات).","A standard truck & commercial-vehicle financing option, for used vehicles (subject to car-age and mileage limits), offered at a premium cost reflecting maximum flexibility with a larger 30% down payment that lowers your total financing. A 21.46% flat rate (37.5% declining), terms run 12–36 months, total-loss cover is built in, so no separate policy is needed, early settlement is available. Finance from EGP 50,000 up to EGP 10,000,000.","تمويل الشاحنات والمركبات التجارية - الباقة القياسية، للمركبات المستعملة (وفق حدود العمر والكيلومترات)، ويُقدَّم بتكلفة مرتفعة مقابل أقصى مرونة بمقدم أكبر 30% يقلّل إجمالي التمويل. بمعدل ثابت 21.46% (متناقص 37.5%)، وفترة سداد من 12 إلى 36 شهرًا، ويشمل تغطية الخسارة الكلية دون وثيقة منفصلة، مع إتاحة السداد المبكر. تمويل من 50,000 إلى 10,000,000 جنيه.",50000,10000000,12,36,MONTHLY,21.46,37.5,,60000,,FALSE,30,10,10,TRUE
cm98f0p2ktu7gf8cydbsb7nq4,consumer-financing,home-furniture,HOME_FURNITURE,Home Furniture,أثاث المنزل,A standard home furniture financing option.,تمويل أثاث المنزل - الباقة القياسية.,"A standard home furniture financing option, offered at a premium cost reflecting maximum flexibility with a 20% down payment. A 20.58% flat rate (36.05% declining), terms run 6–60 months, early settlement is available. Finance from EGP 40,000 up to EGP 2,000,000.","تمويل أثاث المنزل - الباقة القياسية، ويُقدَّم بتكلفة مرتفعة مقابل أقصى مرونة بمقدم 20%. بمعدل ثابت 20.58% (متناقص 36.05%)، وفترة سداد من 6 إلى 60 شهرًا، مع إتاحة السداد المبكر. تمويل من 40,000 إلى 2,000,000 جنيه.",40000,2000000,6,60,MONTHLY,20.58,36.05,,30000,,FALSE,20,3,10,TRUE
cmuj7ejrh3tg4wydfp7p9p1bm,consumer-financing,home-furniture,HOME_FURNITURE,Home Furniture - Corporate,أثاث المنزل - الشركات,A home furniture financing option built for corporate and business customers.,تمويل أثاث المنزل - باقة الشركات.,"A home furniture financing option built for corporate and business customers, offered at an above-average cost for added flexibility with a 20% down payment. A 20.08% flat rate (35.2% declining), terms run 6–60 months, early settlement is available. Finance from EGP 40,000 up to EGP 2,000,000.","تمويل أثاث المنزل - باقة الشركات، ويُقدَّم بتكلفة أعلى من المتوسط مقابل مرونة إضافية بمقدم 20%. بمعدل ثابت 20.08% (متناقص 35.2%)، وفترة سداد من 6 إلى 60 شهرًا، مع إتاحة السداد المبكر. تمويل من 40,000 إلى 2,000,000 جنيه.",40000,2000000,6,60,MONTHLY,20.08,35.2,,30000,,FALSE,20,3,10,TRUE
cmsz0qvgohbe1s7ru6pv8b1gp,consumer-financing,home-furniture,HOME_FURNITURE,Home Furniture - Staff,أثاث المنزل - الموظفون,An employees-only home furniture financing programme.,تمويل أثاث المنزل - باقة الموظفين.,"An employees-only home furniture financing programme, offered at our lowest financing cost with no down payment required. A 13.76% flat rate (24.5% declining), terms run 6–60 months, early settlement is available. Finance from EGP 40,000 up to EGP 2,000,000.","تمويل أثاث المنزل - باقة الموظفين، ويُقدَّم بأقل تكلفة تمويل لدينا بدون مقدم. بمعدل ثابت 13.76% (متناقص 24.5%)، وفترة سداد من 6 إلى 60 شهرًا، مع إتاحة السداد المبكر. تمويل من 40,000 إلى 2,000,000 جنيه.",40000,2000000,6,60,MONTHLY,13.76,24.5,,0,,FALSE,0,0,10,TRUE
cm4ied7gedemzg1jay27ka28e,consumer-financing,home-furniture,HOME_FURNITURE,Home Furniture - Premier,أثاث المنزل - بريمير,A premium (Premier) tier of home furniture financing.,تمويل أثاث المنزل - الفئة المميزة (بريمير).,"A premium (Premier) tier of home furniture financing, offered at an above-average cost for added flexibility with a 20% down payment. A 19.39% flat rate (34.05% declining), terms run 6–60 months, early settlement is available. Finance from EGP 40,000 up to EGP 3,000,000.","تمويل أثاث المنزل - الفئة المميزة (بريمير)، ويُقدَّم بتكلفة أعلى من المتوسط مقابل مرونة إضافية بمقدم 20%. بمعدل ثابت 19.39% (متناقص 34.05%)، وفترة سداد من 6 إلى 60 شهرًا، مع إتاحة السداد المبكر. تمويل من 40,000 إلى 3,000,000 جنيه.",40000,3000000,6,60,MONTHLY,19.39,34.05,,30000,,FALSE,20,3,10,TRUE
cmuii12eo2bopgwhgura9qxdl,consumer-financing,home-furniture,HOME_FURNITURE,Home Furniture -offer,أثاث المنزل - عرض,A limited promotional home furniture financing offer.,تمويل أثاث المنزل - عرض ترويجي محدود.,"A limited promotional home furniture financing offer, offered at an above-average cost for added flexibility with a 20% down payment. A 19.39% flat rate (34.05% declining), terms run 6–60 months, early settlement is available. Finance from EGP 40,000 up to EGP 3,000,000.","تمويل أثاث المنزل - عرض ترويجي محدود، ويُقدَّم بتكلفة أعلى من المتوسط مقابل مرونة إضافية بمقدم 20%. بمعدل ثابت 19.39% (متناقص 34.05%)، وفترة سداد من 6 إلى 60 شهرًا، مع إتاحة السداد المبكر. تمويل من 40,000 إلى 3,000,000 جنيه.",40000,3000000,6,60,MONTHLY,19.39,34.05,,30000,,FALSE,20,10,10,TRUE
cme6h6ngz5x13711qtojc1yet,consumer-financing,home-furniture,HOME_INTERIOR,Home Interiors,تشطيبات المنزل,A standard home finishing & interiors financing option.,تمويل تشطيبات المنزل - الباقة القياسية.,"A standard home finishing & interiors financing option, offered at a premium cost reflecting maximum flexibility with a 20% down payment. A 20.58% flat rate (36.05% declining), terms run 6–60 months, early settlement is available. Finance from EGP 50,000 up to EGP 3,000,000.","تمويل تشطيبات المنزل - الباقة القياسية، ويُقدَّم بتكلفة مرتفعة مقابل أقصى مرونة بمقدم 20%. بمعدل ثابت 20.58% (متناقص 36.05%)، وفترة سداد من 6 إلى 60 شهرًا، مع إتاحة السداد المبكر. تمويل من 50,000 إلى 3,000,000 جنيه.",50000,3000000,6,60,MONTHLY,20.58,36.05,,30000,,FALSE,20,3,10,TRUE
cmc01hmd5p8ykvzwhjn3sivk2,consumer-financing,home-furniture,HOME_INTERIOR,Home Interiors - Corporate,تشطيبات المنزل - الشركات,A home finishing & interiors financing option built for corporate and business customers.,تمويل تشطيبات المنزل - باقة الشركات.,"A home finishing & interiors financing option built for corporate and business customers, offered at an above-average cost for added flexibility with a 20% down payment. A 20.08% flat rate (35.2% declining), terms run 6–60 months, early settlement is available. Finance from EGP 50,000 up to EGP 3,000,000.","تمويل تشطيبات المنزل - باقة الشركات، ويُقدَّم بتكلفة أعلى من المتوسط مقابل مرونة إضافية بمقدم 20%. بمعدل ثابت 20.08% (متناقص 35.2%)، وفترة سداد من 6 إلى 60 شهرًا، مع إتاحة السداد المبكر. تمويل من 50,000 إلى 3,000,000 جنيه.",50000,3000000,6,60,MONTHLY,20.08,35.2,,30000,,FALSE,20,3,10,TRUE
cma7sv1cc2qi12x9aoie8ln3e,consumer-financing,home-furniture,HOME_INTERIOR,Home Interiors - Staff,تشطيبات المنزل - الموظفون,An employees-only home finishing & interiors financing programme.,تمويل تشطيبات المنزل - باقة الموظفين.,"An employees-only home finishing & interiors financing programme, offered at our lowest financing cost with no down payment required. A 13.76% flat rate (24.5% declining), terms run 6–60 months, early settlement is available. Finance from EGP 50,000 up to EGP 3,000,000.","تمويل تشطيبات المنزل - باقة الموظفين، ويُقدَّم بأقل تكلفة تمويل لدينا بدون مقدم. بمعدل ثابت 13.76% (متناقص 24.5%)، وفترة سداد من 6 إلى 60 شهرًا، مع إتاحة السداد المبكر. تمويل من 50,000 إلى 3,000,000 جنيه.",50000,3000000,6,60,MONTHLY,13.76,24.5,,0,,FALSE,0,0,10,TRUE
cmz657bpax58zklxslyzktdsg,consumer-financing,home-furniture,HOME_INTERIOR,Home Interiors - Gouna,تشطيبات المنزل - الجونة,A standard home finishing & interiors financing option.,تمويل تشطيبات المنزل - الباقة القياسية.,"A standard home finishing & interiors financing option, offered at an above-average cost for added flexibility with no down payment required. A 20.08% flat rate (35.2% declining), terms run 6–60 months, early settlement is available. Finance from EGP 50,000 up to EGP 6,000,000.","تمويل تشطيبات المنزل - الباقة القياسية، ويُقدَّم بتكلفة أعلى من المتوسط مقابل مرونة إضافية بدون مقدم. بمعدل ثابت 20.08% (متناقص 35.2%)، وفترة سداد من 6 إلى 60 شهرًا، مع إتاحة السداد المبكر. تمويل من 50,000 إلى 6,000,000 جنيه.",50000,6000000,6,60,MONTHLY,20.08,35.2,,30000,,FALSE,0,3,10,TRUE
cmc9xhfr516tpxje5lgcii8m3,consumer-financing,home-furniture,HOME_INTERIOR,Home Interiors - Gouna - Plus,تشطيبات المنزل - الجونة - Plus,A standard home finishing & interiors financing option.,تمويل تشطيبات المنزل - الباقة القياسية.,"A standard home finishing & interiors financing option, offered at an above-average cost for added flexibility with no down payment required. A 20.08% flat rate (35.2% declining), terms run 6–60 months, early settlement is available. Finance from EGP 50,000 up to EGP 6,000,000.","تمويل تشطيبات المنزل - الباقة القياسية، ويُقدَّم بتكلفة أعلى من المتوسط مقابل مرونة إضافية بدون مقدم. بمعدل ثابت 20.08% (متناقص 35.2%)، وفترة سداد من 6 إلى 60 شهرًا، مع إتاحة السداد المبكر. تمويل من 50,000 إلى 6,000,000 جنيه.",50000,6000000,6,60,MONTHLY,20.08,35.2,,30000,,,0,3,10,TRUE
cm3tkjx9q74t6lum8uvektplq,consumer-financing,home-furniture,HOME_INTERIOR,Home Interiors - Premier,تشطيبات المنزل - بريمير,A premium (Premier) tier of home finishing & interiors financing.,تمويل تشطيبات المنزل - الفئة المميزة (بريمير).,"A premium (Premier) tier of home finishing & interiors financing, offered at an above-average cost for added flexibility with a 20% down payment. A 19.39% flat rate (34.05% declining), terms run 6–60 months, early settlement is available. Finance from EGP 50,000 up to EGP 4,000,000.","تمويل تشطيبات المنزل - الفئة المميزة (بريمير)، ويُقدَّم بتكلفة أعلى من المتوسط مقابل مرونة إضافية بمقدم 20%. بمعدل ثابت 19.39% (متناقص 34.05%)، وفترة سداد من 6 إلى 60 شهرًا، مع إتاحة السداد المبكر. تمويل من 50,000 إلى 4,000,000 جنيه.",50000,4000000,6,60,MONTHLY,19.39,34.05,,30000,,FALSE,20,3,10,TRUE
cm85mpc136lhtdigctfftqn10,consumer-financing,home-furniture,HOME_INTERIOR,Home Interiors - offer,تشطيبات المنزل - عرض,A limited promotional home finishing & interiors financing offer.,تمويل تشطيبات المنزل - عرض ترويجي محدود.,"A limited promotional home finishing & interiors financing offer, offered at an above-average cost for added flexibility with a 20% down payment. A 19.39% flat rate (34.05% declining), terms run 6–60 months, early settlement is available. Finance from EGP 50,000 up to EGP 4,000,000.","تمويل تشطيبات المنزل - عرض ترويجي محدود، ويُقدَّم بتكلفة أعلى من المتوسط مقابل مرونة إضافية بمقدم 20%. بمعدل ثابت 19.39% (متناقص 34.05%)، وفترة سداد من 6 إلى 60 شهرًا، مع إتاحة السداد المبكر. تمويل من 50,000 إلى 4,000,000 جنيه.",50000,4000000,6,60,MONTHLY,19.39,34.05,,30000,,FALSE,20,10,10,TRUE
cmbd9kf9nhs3o0v4gawaiwe3o,consumer-financing,motorcycle,MOTORCYCLE,Motorcycles,الدراجات النارية,A standard motorcycle financing option.,تمويل الدراجات النارية - الباقة القياسية.,"A standard motorcycle financing option, offered at a premium cost reflecting maximum flexibility with a 20% down payment. A 21.64% flat rate (37.8% declining), terms run 6–60 months, total-loss cover is built in, so no separate policy is needed, early settlement is available. Finance from EGP 40,000 up to EGP 4,000,000.","تمويل الدراجات النارية - الباقة القياسية، ويُقدَّم بتكلفة مرتفعة مقابل أقصى مرونة بمقدم 20%. بمعدل ثابت 21.64% (متناقص 37.8%)، وفترة سداد من 6 إلى 60 شهرًا، ويشمل تغطية الخسارة الكلية دون وثيقة منفصلة، مع إتاحة السداد المبكر. تمويل من 40,000 إلى 4,000,000 جنيه.",40000,4000000,6,60,MONTHLY,21.64,37.8,,30000,,FALSE,20,3,10,TRUE
cmz7sk4mb19tavz8mzvw97oxh,consumer-financing,motorcycle,MOTORCYCLE,Motorcycles - Corporate,الدراجات النارية - الشركات,A motorcycle financing option built for corporate and business customers.,تمويل الدراجات النارية - باقة الشركات.,"A motorcycle financing option built for corporate and business customers, offered at a premium cost reflecting maximum flexibility with a 20% down payment. A 21.12% flat rate (36.95% declining), terms run 6–60 months, total-loss cover is built in, so no separate policy is needed, early settlement is available. Finance from EGP 40,000 up to EGP 4,000,000.","تمويل الدراجات النارية - باقة الشركات، ويُقدَّم بتكلفة مرتفعة مقابل أقصى مرونة بمقدم 20%. بمعدل ثابت 21.12% (متناقص 36.95%)، وفترة سداد من 6 إلى 60 شهرًا، ويشمل تغطية الخسارة الكلية دون وثيقة منفصلة، مع إتاحة السداد المبكر. تمويل من 40,000 إلى 4,000,000 جنيه.",40000,4000000,6,60,MONTHLY,21.12,36.95,,30000,,FALSE,20,3,10,TRUE
cmcdadz50lstfxxl95aloxb3n,consumer-financing,motorcycle,MOTORCYCLE,Motorcycles - Staff,الدراجات النارية - الموظفون,An employees-only motorcycle financing programme.,تمويل الدراجات النارية - باقة الموظفين.,"An employees-only motorcycle financing programme, offered at our lowest financing cost with no down payment required. A 13.76% flat rate (24.5% declining), terms run 6–60 months, total-loss cover is built in, so no separate policy is needed, early settlement is available. Finance from EGP 40,000 up to EGP 4,000,000.","تمويل الدراجات النارية - باقة الموظفين، ويُقدَّم بأقل تكلفة تمويل لدينا بدون مقدم. بمعدل ثابت 13.76% (متناقص 24.5%)، وفترة سداد من 6 إلى 60 شهرًا، ويشمل تغطية الخسارة الكلية دون وثيقة منفصلة، مع إتاحة السداد المبكر. تمويل من 40,000 إلى 4,000,000 جنيه.",40000,4000000,6,60,MONTHLY,13.76,24.5,,0,,FALSE,0,0,10,TRUE
cmimi4dqeoyn8x6w30kbtzdgf,consumer-financing,motorcycle,MOTORCYCLE,Motorcycles - Premier,الدراجات النارية - بريمير,A premium (Premier) tier of motorcycle financing.,تمويل الدراجات النارية - الفئة المميزة (بريمير).,"A premium (Premier) tier of motorcycle financing, offered at an above-average cost for added flexibility with a 20% down payment. A 20.43% flat rate (35.8% declining), terms run 6–60 months, total-loss cover is built in, so no separate policy is needed, early settlement is available. Finance from EGP 40,000 up to EGP 4,000,000.","تمويل الدراجات النارية - الفئة المميزة (بريمير)، ويُقدَّم بتكلفة أعلى من المتوسط مقابل مرونة إضافية بمقدم 20%. بمعدل ثابت 20.43% (متناقص 35.8%)، وفترة سداد من 6 إلى 60 شهرًا، ويشمل تغطية الخسارة الكلية دون وثيقة منفصلة، مع إتاحة السداد المبكر. تمويل من 40,000 إلى 4,000,000 جنيه.",40000,4000000,6,60,MONTHLY,20.43,35.8,,30000,,FALSE,20,3,10,TRUE
cmvt4g89ghkf80w7qjl4b6yj7,consumer-financing,motorcycle,MOTORCYCLE,Motorcycles - offer,الدراجات النارية - عرض,A limited promotional motorcycle financing offer.,تمويل الدراجات النارية - عرض ترويجي محدود.,"A limited promotional motorcycle financing offer, offered at an above-average cost for added flexibility with a 20% down payment. A 20.43% flat rate (35.8% declining), terms run 6–60 months, total-loss cover is built in, so no separate policy is needed, early settlement is available. Finance from EGP 40,000 up to EGP 4,000,000.","تمويل الدراجات النارية - عرض ترويجي محدود، ويُقدَّم بتكلفة أعلى من المتوسط مقابل مرونة إضافية بمقدم 20%. بمعدل ثابت 20.43% (متناقص 35.8%)، وفترة سداد من 6 إلى 60 شهرًا، ويشمل تغطية الخسارة الكلية دون وثيقة منفصلة، مع إتاحة السداد المبكر. تمويل من 40,000 إلى 4,000,000 جنيه.",40000,4000000,6,60,MONTHLY,20.43,35.8,,30000,,FALSE,20,10,10,TRUE
cmb5cb12xf1vp4kn81ymbs4ye,consumer-financing,motorcycle,MOTORCYCLE,motorcycle cat b,motorcycle cat b,A standard motorcycle financing option.,تمويل الدراجات النارية - الباقة القياسية.,"A standard motorcycle financing option, offered at a premium cost reflecting maximum flexibility with a larger 30% down payment that lowers your total financing. A 21.64% flat rate (37.8% declining), terms run 6–36 months, total-loss cover is built in, so no separate policy is needed, early settlement is available. Finance from EGP 20,000 up to EGP 500,000.","تمويل الدراجات النارية - الباقة القياسية، ويُقدَّم بتكلفة مرتفعة مقابل أقصى مرونة بمقدم أكبر 30% يقلّل إجمالي التمويل. بمعدل ثابت 21.64% (متناقص 37.8%)، وفترة سداد من 6 إلى 36 شهرًا، ويشمل تغطية الخسارة الكلية دون وثيقة منفصلة، مع إتاحة السداد المبكر. تمويل من 20,000 إلى 500,000 جنيه.",20000,500000,6,36,MONTHLY,21.64,37.8,,30000,,FALSE,30,3,10,TRUE
cm9ebpww5mcrcda00iuebrsm2,consumer-financing,golf-car,GOLF_CAR,Golf Car,عربة الجولف,A standard golf-car financing option.,تمويل عربات الجولف - الباقة القياسية.,"A standard golf-car financing option, offered at an above-average cost for added flexibility with a 20% down payment. A 19.36% flat rate (34.0% declining), terms run 6–60 months, total-loss cover is built in, so no separate policy is needed, early settlement is available. Finance from EGP 40,000 up to EGP 4,000,000.","تمويل عربات الجولف - الباقة القياسية، ويُقدَّم بتكلفة أعلى من المتوسط مقابل مرونة إضافية بمقدم 20%. بمعدل ثابت 19.36% (متناقص 34.0%)، وفترة سداد من 6 إلى 60 شهرًا، ويشمل تغطية الخسارة الكلية دون وثيقة منفصلة، مع إتاحة السداد المبكر. تمويل من 40,000 إلى 4,000,000 جنيه.",40000,4000000,6,60,MONTHLY,19.36,34,,30000,,FALSE,20,3,10,TRUE
cmo4hhaqsulpbpn7ee0bhkhe2,consumer-financing,golf-car,GOLF_CAR,Golf Car - Premier,عربة الجولف - بريمير,A premium (Premier) tier of golf-car financing.,تمويل عربات الجولف - الفئة المميزة (بريمير).,"A premium (Premier) tier of golf-car financing, offered at an above-average cost for added flexibility with a 20% down payment. A 18.76% flat rate (33.0% declining), terms run 6–60 months, total-loss cover is built in, so no separate policy is needed, early settlement is available. Finance from EGP 40,000 up to EGP 4,000,000.","تمويل عربات الجولف - الفئة المميزة (بريمير)، ويُقدَّم بتكلفة أعلى من المتوسط مقابل مرونة إضافية بمقدم 20%. بمعدل ثابت 18.76% (متناقص 33.0%)، وفترة سداد من 6 إلى 60 شهرًا، ويشمل تغطية الخسارة الكلية دون وثيقة منفصلة، مع إتاحة السداد المبكر. تمويل من 40,000 إلى 4,000,000 جنيه.",40000,4000000,6,60,MONTHLY,18.76,33,,30000,,FALSE,20,3,10,TRUE
cmc5nd0ghwhou1yi6uu8rjtso,consumer-financing,golf-car,GOLF_CAR,Golf Car -offer,عربة الجولف - عرض,A limited promotional golf-car financing offer.,تمويل عربات الجولف - عرض ترويجي محدود.,"A limited promotional golf-car financing offer, offered at an above-average cost for added flexibility with a 20% down payment. A 18.76% flat rate (33.0% declining), terms run 6–60 months, total-loss cover is built in, so no separate policy is needed, early settlement is available. Finance from EGP 40,000 up to EGP 4,000,000.","تمويل عربات الجولف - عرض ترويجي محدود، ويُقدَّم بتكلفة أعلى من المتوسط مقابل مرونة إضافية بمقدم 20%. بمعدل ثابت 18.76% (متناقص 33.0%)، وفترة سداد من 6 إلى 60 شهرًا، ويشمل تغطية الخسارة الكلية دون وثيقة منفصلة، مع إتاحة السداد المبكر. تمويل من 40,000 إلى 4,000,000 جنيه.",40000,4000000,6,60,MONTHLY,18.76,33,,30000,,FALSE,20,10,10,TRUE
cm47xumy4ui8vc99hl8tjhu7v,consumer-financing,golf-car,GOLF_CAR,Golf Car summer offer,عربة الجولف صيفي عرض,A limited promotional golf-car financing offer.,تمويل عربات الجولف - عرض ترويجي محدود.,"A limited promotional golf-car financing offer, offered at a competitive cost with no down payment required. terms run 6–12 months, total-loss cover is built in, so no separate policy is needed, early settlement is available. Finance from EGP 40,000 up to EGP 4,000,000.","تمويل عربات الجولف - عرض ترويجي محدود، ويُقدَّم بتكلفة تنافسية بدون مقدم. وفترة سداد من 6 إلى 12 شهرًا، ويشمل تغطية الخسارة الكلية دون وثيقة منفصلة، مع إتاحة السداد المبكر. تمويل من 40,000 إلى 4,000,000 جنيه.",40000,4000000,6,12,MONTHLY,,24.29,,0,,FALSE,0,10,10,TRUE
cm9crio8dhaeditdmsvx8r3z4,consumer-financing,motorcycle,MOTORCYCLE,abu ghali Motorcycles,أبو غالي الدراجات النارية,A limited promotional motorcycle financing offer.,تمويل الدراجات النارية - عرض ترويجي محدود.,"A limited promotional motorcycle financing offer, offered at a competitive cost with a 20% down payment. terms run 6–60 months, total-loss cover is built in, so no separate policy is needed, early settlement is available. Finance from EGP 40,000 up to EGP 4,000,000.","تمويل الدراجات النارية - عرض ترويجي محدود، ويُقدَّم بتكلفة تنافسية بمقدم 20%. وفترة سداد من 6 إلى 60 شهرًا، ويشمل تغطية الخسارة الكلية دون وثيقة منفصلة، مع إتاحة السداد المبكر. تمويل من 40,000 إلى 4,000,000 جنيه.",40000,4000000,6,60,MONTHLY,,27,,0,,FALSE,20,10,10,TRUE
cmoj7ezf5s097i72hkjyvtw2n,consumer-financing,motorcycle,MOTORCYCLE,abu ghali Motorcycles,أبو غالي الدراجات النارية,A limited promotional motorcycle financing offer.,تمويل الدراجات النارية - عرض ترويجي محدود.,"A limited promotional motorcycle financing offer, offered at a competitive financing cost with a 20% down payment. A 15.22% flat rate (27.0% declining), terms run 6–60 months, total-loss cover is built in, so no separate policy is needed, early settlement is available. Finance from EGP 40,000 up to EGP 4,000,000.","تمويل الدراجات النارية - عرض ترويجي محدود، ويُقدَّم بتكلفة تمويل تنافسية بمقدم 20%. بمعدل ثابت 15.22% (متناقص 27.0%)، وفترة سداد من 6 إلى 60 شهرًا، ويشمل تغطية الخسارة الكلية دون وثيقة منفصلة، مع إتاحة السداد المبكر. تمويل من 40,000 إلى 4,000,000 جنيه.",40000,4000000,6,60,MONTHLY,15.22,27,,0,,FALSE,20,10,10,TRUE
cmmtsymoqmssm3h6ltzl7n8lh,consumer-financing,watercraft,WATERCRAFT,Watercrafts,الوسائل المائية,A standard watercraft & boat financing option.,تمويل الوسائل المائية والقوارب - الباقة القياسية.,"A standard watercraft & boat financing option, offered at a premium cost reflecting maximum flexibility with a 20% down payment. A 20.58% flat rate (36.05% declining), terms run 6–60 months, early settlement is available. Finance from EGP 5,000 up to EGP 15,000,000.","تمويل الوسائل المائية والقوارب - الباقة القياسية، ويُقدَّم بتكلفة مرتفعة مقابل أقصى مرونة بمقدم 20%. بمعدل ثابت 20.58% (متناقص 36.05%)، وفترة سداد من 6 إلى 60 شهرًا، مع إتاحة السداد المبكر. تمويل من 5,000 إلى 15,000,000 جنيه.",5000,15000000,6,60,MONTHLY,20.58,36.05,,30000,,FALSE,20,3,10,TRUE
cmn0wyvzp5xsgpixcfxue0uhf,consumer-financing,watercraft,WATERCRAFT,Watercrafts - Maintenance,الوسائل المائية - صيانة,A standard watercraft & boat financing option.,تمويل الوسائل المائية والقوارب - الباقة القياسية.,"A standard watercraft & boat financing option, offered at a premium cost reflecting maximum flexibility with a 20% down payment. A 20.58% flat rate (36.05% declining), terms run 6–60 months, early settlement is available. Finance from EGP 5,000 up to EGP 15,000,000.","تمويل الوسائل المائية والقوارب - الباقة القياسية، ويُقدَّم بتكلفة مرتفعة مقابل أقصى مرونة بمقدم 20%. بمعدل ثابت 20.58% (متناقص 36.05%)، وفترة سداد من 6 إلى 60 شهرًا، مع إتاحة السداد المبكر. تمويل من 5,000 إلى 15,000,000 جنيه.",5000,15000000,6,60,MONTHLY,20.58,36.05,,30000,,FALSE,20,3,10,TRUE
cmo4zmck2874jp9teja2g7qmz,consumer-financing,watercraft,WATERCRAFT,Watercrafts - Corporate,الوسائل المائية - الشركات,A watercraft & boat financing option built for corporate and business customers.,تمويل الوسائل المائية والقوارب - باقة الشركات.,"A watercraft & boat financing option built for corporate and business customers, offered at an above-average cost for added flexibility with a 20% down payment. A 20.08% flat rate (35.2% declining), terms run 6–60 months, early settlement is available. Finance from EGP 5,000 up to EGP 15,000,000.","تمويل الوسائل المائية والقوارب - باقة الشركات، ويُقدَّم بتكلفة أعلى من المتوسط مقابل مرونة إضافية بمقدم 20%. بمعدل ثابت 20.08% (متناقص 35.2%)، وفترة سداد من 6 إلى 60 شهرًا، مع إتاحة السداد المبكر. تمويل من 5,000 إلى 15,000,000 جنيه.",5000,15000000,6,60,MONTHLY,20.08,35.2,,30000,,FALSE,20,3,10,TRUE
cmk5mgw0cutvndpy7qup5s06v,consumer-financing,watercraft,WATERCRAFT,Watercrafts - Staff,الوسائل المائية - الموظفون,An employees-only watercraft & boat financing programme.,تمويل الوسائل المائية والقوارب - باقة الموظفين.,"An employees-only watercraft & boat financing programme, offered at our lowest financing cost with no down payment required. A 13.76% flat rate (24.5% declining), terms run 6–60 months, early settlement is available. Finance from EGP 5,000 up to EGP 15,000,000.","تمويل الوسائل المائية والقوارب - باقة الموظفين، ويُقدَّم بأقل تكلفة تمويل لدينا بدون مقدم. بمعدل ثابت 13.76% (متناقص 24.5%)، وفترة سداد من 6 إلى 60 شهرًا، مع إتاحة السداد المبكر. تمويل من 5,000 إلى 15,000,000 جنيه.",5000,15000000,6,60,MONTHLY,13.76,24.5,,0,,FALSE,0,0,10,TRUE
cm4rpzvzmamsk32rx9t5yutk5,consumer-financing,watercraft,WATERCRAFT,Watercrafts - Premier,الوسائل المائية - بريمير,A premium (Premier) tier of watercraft & boat financing.,تمويل الوسائل المائية والقوارب - الفئة المميزة (بريمير).,"A premium (Premier) tier of watercraft & boat financing, offered at an above-average cost for added flexibility with a 20% down payment. A 19.39% flat rate (34.05% declining), terms run 6–60 months, early settlement is available. Finance from EGP 5,000 up to EGP 15,000,000.","تمويل الوسائل المائية والقوارب - الفئة المميزة (بريمير)، ويُقدَّم بتكلفة أعلى من المتوسط مقابل مرونة إضافية بمقدم 20%. بمعدل ثابت 19.39% (متناقص 34.05%)، وفترة سداد من 6 إلى 60 شهرًا، مع إتاحة السداد المبكر. تمويل من 5,000 إلى 15,000,000 جنيه.",5000,15000000,6,60,MONTHLY,19.39,34.05,,30000,,FALSE,20,3,10,TRUE
cmn9ofrq46hg13z2qdgcpb5w6,consumer-financing,watercraft,WATERCRAFT,Watercrafts - offer,الوسائل المائية - عرض,A limited promotional watercraft & boat financing offer.,تمويل الوسائل المائية والقوارب - عرض ترويجي محدود.,"A limited promotional watercraft & boat financing offer, offered at an above-average cost for added flexibility with no down payment required. A 19.39% flat rate (33.48% declining), terms run 6–60 months, early settlement is available. Finance from EGP 5,000 up to EGP 15,000,000.","تمويل الوسائل المائية والقوارب - عرض ترويجي محدود، ويُقدَّم بتكلفة أعلى من المتوسط مقابل مرونة إضافية بدون مقدم. بمعدل ثابت 19.39% (متناقص 33.48%)، وفترة سداد من 6 إلى 60 شهرًا، مع إتاحة السداد المبكر. تمويل من 5,000 إلى 15,000,000 جنيه.",5000,15000000,6,60,MONTHLY,19.39,33.48,,30000,,FALSE,0,10,10,TRUE
cmwmzwhxermlwilx58ikd429h,consumer-financing,education,EDUCATION,Education,Education,A standard education & tuition financing option.,تمويل التعليم والمصروفات الدراسية - الباقة القياسية.,"A standard education & tuition financing option, offered at an above-average cost for added flexibility with no down payment required. A 19.09% flat rate (33.55% declining), terms run 6–12 months, early settlement is available. Finance from EGP 5,000 up to EGP 1,000,000.","تمويل التعليم والمصروفات الدراسية - الباقة القياسية، ويُقدَّم بتكلفة أعلى من المتوسط مقابل مرونة إضافية بدون مقدم. بمعدل ثابت 19.09% (متناقص 33.55%)، وفترة سداد من 6 إلى 12 شهرًا، مع إتاحة السداد المبكر. تمويل من 5,000 إلى 1,000,000 جنيه.",5000,1000000,6,12,MONTHLY,19.09,33.55,,30000,,FALSE,0,5,10,TRUE
cm74ioee1w79sa2pgvj3fhbzl,consumer-financing,education,EDUCATION,Education Institution,Education مؤسسات,A education & tuition financing option for institutions.,تمويل التعليم والمصروفات الدراسية - باقة المؤسسات.,"A education & tuition financing option for institutions, offered at a mid-range cost with no down payment required. A 18.14% flat rate (31.95% declining), terms run 6–12 months, early settlement is available. Finance from EGP 5,000 up to EGP 1,000,000.","تمويل التعليم والمصروفات الدراسية - باقة المؤسسات، ويُقدَّم بتكلفة متوسطة بدون مقدم. بمعدل ثابت 18.14% (متناقص 31.95%)، وفترة سداد من 6 إلى 12 شهرًا، مع إتاحة السداد المبكر. تمويل من 5,000 إلى 1,000,000 جنيه.",5000,1000000,6,12,MONTHLY,18.14,31.95,,30000,,FALSE,0,5,10,TRUE
cmi19o6bht73o65wnchomkpf6,consumer-financing,education,EDUCATION,Education Corporate B,Education الشركات (ب),A education & tuition financing option built for corporate and business customers.,تمويل التعليم والمصروفات الدراسية - باقة الشركات.,"A education & tuition financing option built for corporate and business customers, offered at an above-average cost for added flexibility with no down payment required. A 18.58% flat rate (32.7% declining), terms run 6–12 months, early settlement is available. Finance from EGP 5,000 up to EGP 1,000,000.","تمويل التعليم والمصروفات الدراسية - باقة الشركات، ويُقدَّم بتكلفة أعلى من المتوسط مقابل مرونة إضافية بدون مقدم. بمعدل ثابت 18.58% (متناقص 32.7%)، وفترة سداد من 6 إلى 12 شهرًا، مع إتاحة السداد المبكر. تمويل من 5,000 إلى 1,000,000 جنيه.",5000,1000000,6,12,MONTHLY,18.58,32.7,,30000,,FALSE,0,5,10,TRUE
cmd5zjyper7xhrla6a3xb2xbc,consumer-financing,education,EDUCATION,Education - Staff,Education - الموظفون,An employees-only education & tuition financing programme.,تمويل التعليم والمصروفات الدراسية - باقة الموظفين.,"An employees-only education & tuition financing programme, offered at our lowest financing cost with no down payment required. A 13.76% flat rate (24.5% declining), terms run 6–12 months, early settlement is available. Finance from EGP 5,000 up to EGP 1,000,000.","تمويل التعليم والمصروفات الدراسية - باقة الموظفين، ويُقدَّم بأقل تكلفة تمويل لدينا بدون مقدم. بمعدل ثابت 13.76% (متناقص 24.5%)، وفترة سداد من 6 إلى 12 شهرًا، مع إتاحة السداد المبكر. تمويل من 5,000 إلى 1,000,000 جنيه.",5000,1000000,6,12,MONTHLY,13.76,24.5,,0,,FALSE,0,0,10,TRUE
cminp9s0fqxjlalvtqierfopp,consumer-financing,education,EDUCATION,Education - Premier,Education - بريمير,A premium (Premier) tier of education & tuition financing.,تمويل التعليم والمصروفات الدراسية - الفئة المميزة (بريمير).,"A premium (Premier) tier of education & tuition financing, offered at a mid-range cost with no down payment required. A 17.9% flat rate (31.55% declining), terms run 6–12 months, early settlement is available. Finance from EGP 5,000 up to EGP 1,000,000.","تمويل التعليم والمصروفات الدراسية - الفئة المميزة (بريمير)، ويُقدَّم بتكلفة متوسطة بدون مقدم. بمعدل ثابت 17.9% (متناقص 31.55%)، وفترة سداد من 6 إلى 12 شهرًا، مع إتاحة السداد المبكر. تمويل من 5,000 إلى 1,000,000 جنيه.",5000,1000000,6,12,MONTHLY,17.9,31.55,,30000,,FALSE,0,5,10,TRUE
cmfnrgffyi93dti4qxxemt120,consumer-financing,education,EDUCATION,Masters Degree - Non-Coded,الماجستير - غير مرمَّز,A standard education & tuition financing option.,تمويل التعليم والمصروفات الدراسية - الباقة القياسية.,"A standard education & tuition financing option, offered at an above-average cost for added flexibility with no down payment required. A 19.09% flat rate (33.55% declining), terms run 6–36 months, early settlement is available. Finance from EGP 5,000 up to EGP 1,000,000.","تمويل التعليم والمصروفات الدراسية - الباقة القياسية، ويُقدَّم بتكلفة أعلى من المتوسط مقابل مرونة إضافية بدون مقدم. بمعدل ثابت 19.09% (متناقص 33.55%)، وفترة سداد من 6 إلى 36 شهرًا، مع إتاحة السداد المبكر. تمويل من 5,000 إلى 1,000,000 جنيه.",5000,1000000,6,36,MONTHLY,19.09,33.55,,30000,,FALSE,0,5,10,TRUE
cmzn0brta4y9xn0sa0dtb0vko,consumer-financing,education,EDUCATION,Masters Degree - Coded,الماجستير - مرمَّز,A standard education & tuition financing option.,تمويل التعليم والمصروفات الدراسية - الباقة القياسية.,"A standard education & tuition financing option, offered at a mid-range cost with no down payment required. A 18.14% flat rate (31.95% declining), terms run 6–36 months, early settlement is available. Finance from EGP 5,000 up to EGP 1,000,000.","تمويل التعليم والمصروفات الدراسية - الباقة القياسية، ويُقدَّم بتكلفة متوسطة بدون مقدم. بمعدل ثابت 18.14% (متناقص 31.95%)، وفترة سداد من 6 إلى 36 شهرًا، مع إتاحة السداد المبكر. تمويل من 5,000 إلى 1,000,000 جنيه.",5000,1000000,6,36,MONTHLY,18.14,31.95,,30000,,FALSE,0,5,10,TRUE
cmglaupodsx5p9vri36i6e7s1,consumer-financing,education,EDUCATION,Masters Degree - Corporate B,الماجستير - الشركات (ب),A education & tuition financing option built for corporate and business customers.,تمويل التعليم والمصروفات الدراسية - باقة الشركات.,"A education & tuition financing option built for corporate and business customers, offered at an above-average cost for added flexibility with no down payment required. A 18.58% flat rate (32.7% declining), terms run 6–36 months, early settlement is available. Finance from EGP 5,000 up to EGP 1,000,000.","تمويل التعليم والمصروفات الدراسية - باقة الشركات، ويُقدَّم بتكلفة أعلى من المتوسط مقابل مرونة إضافية بدون مقدم. بمعدل ثابت 18.58% (متناقص 32.7%)، وفترة سداد من 6 إلى 36 شهرًا، مع إتاحة السداد المبكر. تمويل من 5,000 إلى 1,000,000 جنيه.",5000,1000000,6,36,MONTHLY,18.58,32.7,,30000,,FALSE,0,5,10,TRUE
cmq7s0k6223lhd3rxjazr6sb6,consumer-financing,education,EDUCATION,Masters Degree - Staff,الماجستير - الموظفون,An employees-only education & tuition financing programme.,تمويل التعليم والمصروفات الدراسية - باقة الموظفين.,"An employees-only education & tuition financing programme, offered at our lowest financing cost with no down payment required. A 13.76% flat rate (24.5% declining), terms run 6–36 months, early settlement is available. Finance from EGP 5,000 up to EGP 1,000,000.","تمويل التعليم والمصروفات الدراسية - باقة الموظفين، ويُقدَّم بأقل تكلفة تمويل لدينا بدون مقدم. بمعدل ثابت 13.76% (متناقص 24.5%)، وفترة سداد من 6 إلى 36 شهرًا، مع إتاحة السداد المبكر. تمويل من 5,000 إلى 1,000,000 جنيه.",5000,1000000,6,36,MONTHLY,13.76,24.5,,0,,FALSE,0,0,10,TRUE
cmb5ylgrqhnc4ptf5abjmbk0w,consumer-financing,education,EDUCATION,Masters Degree - Premier,الماجستير - بريمير,A premium (Premier) tier of education & tuition financing.,تمويل التعليم والمصروفات الدراسية - الفئة المميزة (بريمير).,"A premium (Premier) tier of education & tuition financing, offered at a mid-range cost with no down payment required. A 17.9% flat rate (31.55% declining), terms run 6–36 months, early settlement is available. Finance from EGP 5,000 up to EGP 2,000,000.","تمويل التعليم والمصروفات الدراسية - الفئة المميزة (بريمير)، ويُقدَّم بتكلفة متوسطة بدون مقدم. بمعدل ثابت 17.9% (متناقص 31.55%)، وفترة سداد من 6 إلى 36 شهرًا، مع إتاحة السداد المبكر. تمويل من 5,000 إلى 2,000,000 جنيه.",5000,2000000,6,36,MONTHLY,17.9,31.55,,30000,,FALSE,0,5,10,TRUE
cm91osv81guksej7khzqd7o43,consumer-financing,education,EDUCATION,PhD - Non-Coded,PhD - غير مرمَّز,A standard education & tuition financing option.,تمويل التعليم والمصروفات الدراسية - الباقة القياسية.,"A standard education & tuition financing option, offered at an above-average cost for added flexibility with no down payment required. A 19.09% flat rate (33.55% declining), terms run 6–60 months, early settlement is available. Finance from EGP 5,000 up to EGP 1,000,000.","تمويل التعليم والمصروفات الدراسية - الباقة القياسية، ويُقدَّم بتكلفة أعلى من المتوسط مقابل مرونة إضافية بدون مقدم. بمعدل ثابت 19.09% (متناقص 33.55%)، وفترة سداد من 6 إلى 60 شهرًا، مع إتاحة السداد المبكر. تمويل من 5,000 إلى 1,000,000 جنيه.",5000,1000000,6,60,MONTHLY,19.09,33.55,,30000,,FALSE,0,5,10,TRUE
cml3o998gdojn4gq5zhxyzbix,consumer-financing,education,EDUCATION,PhD - Coded,PhD - مرمَّز,A standard education & tuition financing option.,تمويل التعليم والمصروفات الدراسية - الباقة القياسية.,"A standard education & tuition financing option, offered at a mid-range cost with no down payment required. A 18.14% flat rate (31.95% declining), terms run 6–60 months, early settlement is available. Finance from EGP 5,000 up to EGP 1,000,000.","تمويل التعليم والمصروفات الدراسية - الباقة القياسية، ويُقدَّم بتكلفة متوسطة بدون مقدم. بمعدل ثابت 18.14% (متناقص 31.95%)، وفترة سداد من 6 إلى 60 شهرًا، مع إتاحة السداد المبكر. تمويل من 5,000 إلى 1,000,000 جنيه.",5000,1000000,6,60,MONTHLY,18.14,31.95,,30000,,FALSE,0,5,10,TRUE
cmhllvvj8utm5ys8h65z84ut7,consumer-financing,education,EDUCATION,PhD - Corporate B,PhD - الشركات (ب),A education & tuition financing option built for corporate and business customers.,تمويل التعليم والمصروفات الدراسية - باقة الشركات.,"A education & tuition financing option built for corporate and business customers, offered at an above-average cost for added flexibility with no down payment required. A 18.58% flat rate (32.7% declining), terms run 6–60 months, early settlement is available. Finance from EGP 5,000 up to EGP 1,000,000.","تمويل التعليم والمصروفات الدراسية - باقة الشركات، ويُقدَّم بتكلفة أعلى من المتوسط مقابل مرونة إضافية بدون مقدم. بمعدل ثابت 18.58% (متناقص 32.7%)، وفترة سداد من 6 إلى 60 شهرًا، مع إتاحة السداد المبكر. تمويل من 5,000 إلى 1,000,000 جنيه.",5000,1000000,6,60,MONTHLY,18.58,32.7,,30000,,FALSE,0,5,10,TRUE
cmgs93ts9srt2u66c75y6zsdv,consumer-financing,education,EDUCATION,PhD - Staff,PhD - الموظفون,An employees-only education & tuition financing programme.,تمويل التعليم والمصروفات الدراسية - باقة الموظفين.,"An employees-only education & tuition financing programme, offered at our lowest financing cost with no down payment required. A 13.76% flat rate (24.5% declining), terms run 6–60 months, early settlement is available. Finance from EGP 5,000 up to EGP 1,000,000.","تمويل التعليم والمصروفات الدراسية - باقة الموظفين، ويُقدَّم بأقل تكلفة تمويل لدينا بدون مقدم. بمعدل ثابت 13.76% (متناقص 24.5%)، وفترة سداد من 6 إلى 60 شهرًا، مع إتاحة السداد المبكر. تمويل من 5,000 إلى 1,000,000 جنيه.",5000,1000000,6,60,MONTHLY,13.76,24.5,,0,,FALSE,0,0,10,TRUE
cmq6zozpz5tvffbbd2yjgtbl3,consumer-financing,education,EDUCATION,PhD - Premier,PhD - بريمير,A premium (Premier) tier of education & tuition financing.,تمويل التعليم والمصروفات الدراسية - الفئة المميزة (بريمير).,"A premium (Premier) tier of education & tuition financing, offered at a mid-range cost with no down payment required. A 17.9% flat rate (31.55% declining), terms run 6–60 months, early settlement is available. Finance from EGP 5,000 up to EGP 2,000,000.","تمويل التعليم والمصروفات الدراسية - الفئة المميزة (بريمير)، ويُقدَّم بتكلفة متوسطة بدون مقدم. بمعدل ثابت 17.9% (متناقص 31.55%)، وفترة سداد من 6 إلى 60 شهرًا، مع إتاحة السداد المبكر. تمويل من 5,000 إلى 2,000,000 جنيه.",5000,2000000,6,60,MONTHLY,17.9,31.55,,30000,,FALSE,0,5,10,TRUE
cm4mi2va53waq4vprjiobn29i,consumer-financing,education,EDUCATION,Membership - Wadi Degla,Membership - Wadi Degla,A standard education & tuition financing option.,تمويل التعليم والمصروفات الدراسية - الباقة القياسية.,"A standard education & tuition financing option, offered at an above-average cost for added flexibility with no down payment required. A 19.21% flat rate (33.75% declining), terms run 12–60 months, early settlement is available. Finance from EGP 15,000 up to EGP 1,500,000.","تمويل التعليم والمصروفات الدراسية - الباقة القياسية، ويُقدَّم بتكلفة أعلى من المتوسط مقابل مرونة إضافية بدون مقدم. بمعدل ثابت 19.21% (متناقص 33.75%)، وفترة سداد من 12 إلى 60 شهرًا، مع إتاحة السداد المبكر. تمويل من 15,000 إلى 1,500,000 جنيه.",15000,1500000,12,60,MONTHLY,19.21,33.75,,30000,,FALSE,0,5,10,TRUE
cmx916kmki6147go353o68jqi,consumer-financing,education,EDUCATION,Membership - City-Club,Membership - City - Club,A standard education & tuition financing option.,تمويل التعليم والمصروفات الدراسية - الباقة القياسية.,"A standard education & tuition financing option, offered at an above-average cost for added flexibility with no down payment required. A 19.82% flat rate (34.77% declining), terms run 12–60 months, early settlement is available. Finance from EGP 15,000 up to EGP 1,500,000.","تمويل التعليم والمصروفات الدراسية - الباقة القياسية، ويُقدَّم بتكلفة أعلى من المتوسط مقابل مرونة إضافية بدون مقدم. بمعدل ثابت 19.82% (متناقص 34.77%)، وفترة سداد من 12 إلى 60 شهرًا، مع إتاحة السداد المبكر. تمويل من 15,000 إلى 1,500,000 جنيه.",15000,1500000,12,60,MONTHLY,19.82,34.77,,30000,,FALSE,0,5,10,TRUE
cmbl9jy61i29m9zxhteh2d2hz,consumer-financing,education,EDUCATION,Coded Plus,مرمَّز Plus,A standard education & tuition financing option.,تمويل التعليم والمصروفات الدراسية - الباقة القياسية.,"A standard education & tuition financing option, offered at an above-average cost for added flexibility with no down payment required. A 19.21% flat rate (33.75% declining), terms run 12–60 months, early settlement is available. Finance from EGP 15,000 up to EGP 1,500,000.","تمويل التعليم والمصروفات الدراسية - الباقة القياسية، ويُقدَّم بتكلفة أعلى من المتوسط مقابل مرونة إضافية بدون مقدم. بمعدل ثابت 19.21% (متناقص 33.75%)، وفترة سداد من 12 إلى 60 شهرًا، مع إتاحة السداد المبكر. تمويل من 15,000 إلى 1,500,000 جنيه.",15000,1500000,12,60,MONTHLY,19.21,33.75,,30000,,FALSE,0,5,10,TRUE
cmq1rt477orp9u3ivcvcfc855,consumer-financing,education,EDUCATION,Membership - Non Coded,Membership - Non مرمَّز,A standard education & tuition financing option.,تمويل التعليم والمصروفات الدراسية - الباقة القياسية.,"A standard education & tuition financing option, offered at a premium cost reflecting maximum flexibility with no down payment required. A 20.69% flat rate (36.23% declining), terms run 12–60 months, early settlement is available. Finance from EGP 15,000 up to EGP 1,500,000.","تمويل التعليم والمصروفات الدراسية - الباقة القياسية، ويُقدَّم بتكلفة مرتفعة مقابل أقصى مرونة بدون مقدم. بمعدل ثابت 20.69% (متناقص 36.23%)، وفترة سداد من 12 إلى 60 شهرًا، مع إتاحة السداد المبكر. تمويل من 15,000 إلى 1,500,000 جنيه.",15000,1500000,12,60,MONTHLY,20.69,36.23,,30000,,FALSE,0,5,10,TRUE
cmlalb14ah82j1auiy9obgch7,consumer-financing,education,EDUCATION,Membership - Coded,Membership - مرمَّز,A standard education & tuition financing option.,تمويل التعليم والمصروفات الدراسية - الباقة القياسية.,"A standard education & tuition financing option, offered at an above-average cost for added flexibility with no down payment required. A 19.82% flat rate (34.77% declining), terms run 12–60 months, early settlement is available. Finance from EGP 15,000 up to EGP 1,500,000.","تمويل التعليم والمصروفات الدراسية - الباقة القياسية، ويُقدَّم بتكلفة أعلى من المتوسط مقابل مرونة إضافية بدون مقدم. بمعدل ثابت 19.82% (متناقص 34.77%)، وفترة سداد من 12 إلى 60 شهرًا، مع إتاحة السداد المبكر. تمويل من 15,000 إلى 1,500,000 جنيه.",15000,1500000,12,60,MONTHLY,19.82,34.77,,30000,,FALSE,0,5,10,TRUE
cm4ei8j6j2pnbqq7vt3f5un2n,consumer-financing,education,EDUCATION,Membership - Corporate A,Membership - الشركات A,A education & tuition financing option built for corporate and business customers.,تمويل التعليم والمصروفات الدراسية - باقة الشركات.,"A education & tuition financing option built for corporate and business customers, offered at an above-average cost for added flexibility with no down payment required. A 19.21% flat rate (33.75% declining), terms run 12–60 months, early settlement is available. Finance from EGP 15,000 up to EGP 1,500,000.","تمويل التعليم والمصروفات الدراسية - باقة الشركات، ويُقدَّم بتكلفة أعلى من المتوسط مقابل مرونة إضافية بدون مقدم. بمعدل ثابت 19.21% (متناقص 33.75%)، وفترة سداد من 12 إلى 60 شهرًا، مع إتاحة السداد المبكر. تمويل من 15,000 إلى 1,500,000 جنيه.",15000,1500000,12,60,MONTHLY,19.21,33.75,,30000,,FALSE,0,5,10,TRUE
cmhxmlucrj6nsmzgygb7ojvmp,consumer-financing,education,EDUCATION,Membership - Staff,Membership - الموظفون,An employees-only education & tuition financing programme.,تمويل التعليم والمصروفات الدراسية - باقة الموظفين.,"An employees-only education & tuition financing programme, offered at our lowest financing cost with no down payment required. A 13.76% flat rate (24.5% declining), terms run 12–60 months, early settlement is available. Finance from EGP 15,000 up to EGP 1,500,000.","تمويل التعليم والمصروفات الدراسية - باقة الموظفين، ويُقدَّم بأقل تكلفة تمويل لدينا بدون مقدم. بمعدل ثابت 13.76% (متناقص 24.5%)، وفترة سداد من 12 إلى 60 شهرًا، مع إتاحة السداد المبكر. تمويل من 15,000 إلى 1,500,000 جنيه.",15000,1500000,12,60,MONTHLY,13.76,24.5,,0,,FALSE,0,0,10,TRUE
cm9myc110o830qmel2prjakmj,consumer-financing,education,EDUCATION,Membership - Premier,Membership - بريمير,A premium (Premier) tier of education & tuition financing.,تمويل التعليم والمصروفات الدراسية - الفئة المميزة (بريمير).,"A premium (Premier) tier of education & tuition financing, offered at an above-average cost for added flexibility with no down payment required. A 19.5% flat rate (34.23% declining), terms run 12–60 months, early settlement is available. Finance from EGP 15,000 up to EGP 1,500,000.","تمويل التعليم والمصروفات الدراسية - الفئة المميزة (بريمير)، ويُقدَّم بتكلفة أعلى من المتوسط مقابل مرونة إضافية بدون مقدم. بمعدل ثابت 19.5% (متناقص 34.23%)، وفترة سداد من 12 إلى 60 شهرًا، مع إتاحة السداد المبكر. تمويل من 15,000 إلى 1,500,000 جنيه.",15000,1500000,12,60,MONTHLY,19.5,34.23,,30000,,FALSE,0,5,10,TRUE
cm1f50er88n4485qols8iimno,consumer-financing,education,EDUCATION,Maintenance,صيانة,A standard education & tuition financing option.,تمويل التعليم والمصروفات الدراسية - الباقة القياسية.,"A standard education & tuition financing option, offered at a premium cost reflecting maximum flexibility with a 20% down payment. A 20.58% flat rate (36.05% declining), terms run 6–24 months, early settlement is available. Finance from EGP 5,000 up to EGP 1,500,000.","تمويل التعليم والمصروفات الدراسية - الباقة القياسية، ويُقدَّم بتكلفة مرتفعة مقابل أقصى مرونة بمقدم 20%. بمعدل ثابت 20.58% (متناقص 36.05%)، وفترة سداد من 6 إلى 24 شهرًا، مع إتاحة السداد المبكر. تمويل من 5,000 إلى 1,500,000 جنيه.",5000,1500000,6,24,MONTHLY,20.58,36.05,,30000,,FALSE,20,5,10,TRUE
cm4g0oegp1iexahfb2njpaglu,consumer-financing,education,EDUCATION,Maintenance corporate,صيانة corporate,A education & tuition financing option built for corporate and business customers.,تمويل التعليم والمصروفات الدراسية - باقة الشركات.,"A education & tuition financing option built for corporate and business customers, offered at an above-average cost for added flexibility with a 20% down payment. A 20.08% flat rate (35.2% declining), terms run 6–24 months, early settlement is available. Finance from EGP 5,000 up to EGP 1,500,000.","تمويل التعليم والمصروفات الدراسية - باقة الشركات، ويُقدَّم بتكلفة أعلى من المتوسط مقابل مرونة إضافية بمقدم 20%. بمعدل ثابت 20.08% (متناقص 35.2%)، وفترة سداد من 6 إلى 24 شهرًا، مع إتاحة السداد المبكر. تمويل من 5,000 إلى 1,500,000 جنيه.",5000,1500000,6,24,MONTHLY,20.08,35.2,,30000,,FALSE,20,5,10,TRUE
cmuhdv8aezmtj7gaapducl38f,consumer-financing,education,EDUCATION,Maintenance - Staff,صيانة - الموظفون,An employees-only education & tuition financing programme.,تمويل التعليم والمصروفات الدراسية - باقة الموظفين.,"An employees-only education & tuition financing programme, offered at our lowest financing cost with no down payment required. A 13.76% flat rate (24.5% declining), terms run 6–24 months, early settlement is available. Finance from EGP 5,000 up to EGP 1,500,000.","تمويل التعليم والمصروفات الدراسية - باقة الموظفين، ويُقدَّم بأقل تكلفة تمويل لدينا بدون مقدم. بمعدل ثابت 13.76% (متناقص 24.5%)، وفترة سداد من 6 إلى 24 شهرًا، مع إتاحة السداد المبكر. تمويل من 5,000 إلى 1,500,000 جنيه.",5000,1500000,6,24,MONTHLY,13.76,24.5,,0,,FALSE,0,0,10,TRUE
cm4w47aqfjaf2792aevf5qu9i,consumer-financing,education,EDUCATION,Maintenance - trucks,صيانة - trucks,A standard education & tuition financing option.,تمويل التعليم والمصروفات الدراسية - الباقة القياسية.,"A standard education & tuition financing option, offered at a premium cost reflecting maximum flexibility with a 20% down payment. A 20.58% flat rate (36.05% declining), terms run 6–24 months, early settlement is available. Finance from EGP 5,000 up to EGP 1,500,000.","تمويل التعليم والمصروفات الدراسية - الباقة القياسية، ويُقدَّم بتكلفة مرتفعة مقابل أقصى مرونة بمقدم 20%. بمعدل ثابت 20.58% (متناقص 36.05%)، وفترة سداد من 6 إلى 24 شهرًا، مع إتاحة السداد المبكر. تمويل من 5,000 إلى 1,500,000 جنيه.",5000,1500000,6,24,MONTHLY,20.58,36.05,,30000,,FALSE,20,5,10,TRUE
cmig3ejs2sxknzf5xvo0k7910,consumer-financing,education,EDUCATION,Maintenance - permier,صيانة - permier,A standard education & tuition financing option.,تمويل التعليم والمصروفات الدراسية - الباقة القياسية.,"A standard education & tuition financing option, offered at an above-average cost for added flexibility with a 20% down payment. A 19.39% flat rate (34.05% declining), terms run 6–24 months, early settlement is available. Finance from EGP 5,000 up to EGP 1,500,000.","تمويل التعليم والمصروفات الدراسية - الباقة القياسية، ويُقدَّم بتكلفة أعلى من المتوسط مقابل مرونة إضافية بمقدم 20%. بمعدل ثابت 19.39% (متناقص 34.05%)، وفترة سداد من 6 إلى 24 شهرًا، مع إتاحة السداد المبكر. تمويل من 5,000 إلى 1,500,000 جنيه.",5000,1500000,6,24,MONTHLY,19.39,34.05,,30000,,FALSE,20,5,10,TRUE
cmmfy4pli8dirc79p0autsqb4,consumer-financing,education,EDUCATION,Insurance,Insurance,A standard education & tuition financing option.,تمويل التعليم والمصروفات الدراسية - الباقة القياسية.,"A standard education & tuition financing option, offered at a premium cost reflecting maximum flexibility with no down payment required. A 22.81% flat rate (39.75% declining), terms run 6–60 months, early settlement is available. Finance from EGP 500 up to EGP 500,000.","تمويل التعليم والمصروفات الدراسية - الباقة القياسية، ويُقدَّم بتكلفة مرتفعة مقابل أقصى مرونة بدون مقدم. بمعدل ثابت 22.81% (متناقص 39.75%)، وفترة سداد من 6 إلى 60 شهرًا، مع إتاحة السداد المبكر. تمويل من 500 إلى 500,000 جنيه.",500,500000,6,60,MONTHLY,22.81,39.75,,0,,,0,0,0.01,TRUE
cmb6tnq4hy6yij2a4wgig4xax,consumer-financing,green-finance,GREEN_FINANCE,Green Finance A (Monthly),التمويل الأخضر A (شهري),A standard green / sustainable financing option.,التمويل الأخضر المستدام - الباقة القياسية.,"A standard green / sustainable financing option, offered at a premium cost reflecting maximum flexibility with a larger 30% down payment that lowers your total financing. A 20.7% flat rate (36.25% declining), terms run 6–60 months, early settlement is available. Finance from EGP 5,000 up to EGP 3,000,000.","التمويل الأخضر المستدام - الباقة القياسية، ويُقدَّم بتكلفة مرتفعة مقابل أقصى مرونة بمقدم أكبر 30% يقلّل إجمالي التمويل. بمعدل ثابت 20.7% (متناقص 36.25%)، وفترة سداد من 6 إلى 60 شهرًا، مع إتاحة السداد المبكر. تمويل من 5,000 إلى 3,000,000 جنيه.",5000,3000000,6,60,MONTHLY,20.7,36.25,,30000,,FALSE,30,3,10,TRUE
cmejctwqf8czagy9jvsfdek8c,consumer-financing,green-finance,GREEN_FINANCE,Green Finance A (Monthly) - Premier,التمويل الأخضر A (شهري) - بريمير,A premium (Premier) tier of green / sustainable financing.,التمويل الأخضر المستدام - الفئة المميزة (بريمير).,"A premium (Premier) tier of green / sustainable financing, offered at an above-average cost for added flexibility with a larger 30% down payment that lowers your total financing. A 19.51% flat rate (34.25% declining), terms run 6–60 months, early settlement is available. Finance from EGP 5,000 up to EGP 3,000,000.","التمويل الأخضر المستدام - الفئة المميزة (بريمير)، ويُقدَّم بتكلفة أعلى من المتوسط مقابل مرونة إضافية بمقدم أكبر 30% يقلّل إجمالي التمويل. بمعدل ثابت 19.51% (متناقص 34.25%)، وفترة سداد من 6 إلى 60 شهرًا، مع إتاحة السداد المبكر. تمويل من 5,000 إلى 3,000,000 جنيه.",5000,3000000,6,60,MONTHLY,19.51,34.25,,30000,,FALSE,30,3,10,TRUE
cml39w8dpsjbu5ehtsa710bk4,consumer-financing,green-finance,GREEN_FINANCE,Green Finance A-Corporate (Monthly),التمويل الأخضر A - الشركات (شهري),A green / sustainable financing option built for corporate and business customers.,التمويل الأخضر المستدام - باقة الشركات.,"A green / sustainable financing option built for corporate and business customers, offered at an above-average cost for added flexibility with a larger 30% down payment that lowers your total financing. A 20.19% flat rate (35.4% declining), terms run 6–60 months, early settlement is available. Finance from EGP 5,000 up to EGP 3,000,000.","التمويل الأخضر المستدام - باقة الشركات، ويُقدَّم بتكلفة أعلى من المتوسط مقابل مرونة إضافية بمقدم أكبر 30% يقلّل إجمالي التمويل. بمعدل ثابت 20.19% (متناقص 35.4%)، وفترة سداد من 6 إلى 60 شهرًا، مع إتاحة السداد المبكر. تمويل من 5,000 إلى 3,000,000 جنيه.",5000,3000000,6,60,MONTHLY,20.19,35.4,,30000,,FALSE,30,3,10,TRUE
cm7ok2fa7da9gedu2xzy59lq5,consumer-financing,green-finance,GREEN_FINANCE,Green Finance A-Staff (Monthly),التمويل الأخضر A - الموظفون (شهري),An employees-only green / sustainable financing programme.,التمويل الأخضر المستدام - باقة الموظفين.,"An employees-only green / sustainable financing programme, offered at our lowest financing cost with no down payment required. A 13.76% flat rate (24.5% declining), terms run 6–60 months, early settlement is available. Finance from EGP 5,000 up to EGP 3,000,000.","التمويل الأخضر المستدام - باقة الموظفين، ويُقدَّم بأقل تكلفة تمويل لدينا بدون مقدم. بمعدل ثابت 13.76% (متناقص 24.5%)، وفترة سداد من 6 إلى 60 شهرًا، مع إتاحة السداد المبكر. تمويل من 5,000 إلى 3,000,000 جنيه.",5000,3000000,6,60,MONTHLY,13.76,24.5,,0,,FALSE,0,0,10,TRUE
cmqb3o4z5cj1u4gsanb9hqsgg,consumer-financing,green-finance,GREEN_FINANCE,Green Finance B (Quarterly),التمويل الأخضر B (ربع سنوي),A standard green / sustainable financing option.,التمويل الأخضر المستدام - الباقة القياسية.,"A standard green / sustainable financing option, offered at a premium cost reflecting maximum flexibility with a larger 30% down payment that lowers your total financing. A 21.61% flat rate (37.75% declining), terms run 6–60 months, early settlement is available. Finance from EGP 5,000 up to EGP 3,000,000.","التمويل الأخضر المستدام - الباقة القياسية، ويُقدَّم بتكلفة مرتفعة مقابل أقصى مرونة بمقدم أكبر 30% يقلّل إجمالي التمويل. بمعدل ثابت 21.61% (متناقص 37.75%)، وفترة سداد من 6 إلى 60 شهرًا، مع إتاحة السداد المبكر. تمويل من 5,000 إلى 3,000,000 جنيه.",5000,3000000,6,60,QUARTERLY,21.61,37.75,,30000,,FALSE,30,3,10,TRUE
cm4jv4rcpjflfwjmxwlwhekih,consumer-financing,green-finance,GREEN_FINANCE,Green Finance B (Quarterly) - Premier,التمويل الأخضر B (ربع سنوي) - بريمير,A premium (Premier) tier of green / sustainable financing.,التمويل الأخضر المستدام - الفئة المميزة (بريمير).,"A premium (Premier) tier of green / sustainable financing, offered at an above-average cost for added flexibility with a larger 30% down payment that lowers your total financing. A 20.4% flat rate (35.75% declining), terms run 6–60 months, early settlement is available. Finance from EGP 5,000 up to EGP 3,000,000.","التمويل الأخضر المستدام - الفئة المميزة (بريمير)، ويُقدَّم بتكلفة أعلى من المتوسط مقابل مرونة إضافية بمقدم أكبر 30% يقلّل إجمالي التمويل. بمعدل ثابت 20.4% (متناقص 35.75%)، وفترة سداد من 6 إلى 60 شهرًا، مع إتاحة السداد المبكر. تمويل من 5,000 إلى 3,000,000 جنيه.",5000,3000000,6,60,QUARTERLY,20.4,35.75,,30000,,FALSE,30,3,10,TRUE
cm7vn2fbng7tw6609bjilp2vx,business-financing,tourism,TRAVEL,Omra - premier,عمرة - premier,"A premium (Premier) tier of Hajj, Umrah & tourism financing.",تمويل الحج والعمرة والسياحة - الفئة المميزة (بريمير).,"A premium (Premier) tier of Hajj, Umrah & tourism financing, offered at an above-average cost for added flexibility with a 20% down payment. A 19.81% flat rate (34.75% declining), terms run 6–12 months, early settlement isn't available, so it best suits customers planning to keep the facility to term. Finance from EGP 25,000 up to EGP 1,000,000.","تمويل الحج والعمرة والسياحة - الفئة المميزة (بريمير)، ويُقدَّم بتكلفة أعلى من المتوسط مقابل مرونة إضافية بمقدم 20%. بمعدل ثابت 19.81% (متناقص 34.75%)، وفترة سداد من 6 إلى 12 شهرًا، السداد المبكر غير متاح، لذا يناسب من ينوي الاستمرار حتى نهاية المدة. تمويل من 25,000 إلى 1,000,000 جنيه.",25000,1000000,6,12,MONTHLY,19.81,34.75,,30000,,FALSE,20,0,0,TRUE
cmgi0f513hie3rrctx8lvl4jf,business-financing,tourism,TRAVEL,Omra - Islamic,عمرة - إسلامي,"A Sharia-compliant Hajj, Umrah & tourism financing option.",تمويل الحج والعمرة والسياحة - باقة متوافقة مع الشريعة.,"A Sharia-compliant Hajj, Umrah & tourism financing option, offered at a premium cost reflecting maximum flexibility with a 20% down payment. A 21.0% flat rate (36.75% declining), terms run 6–12 months, early settlement isn't available, so it best suits customers planning to keep the facility to term. Finance from EGP 25,000 up to EGP 1,000,000.","تمويل الحج والعمرة والسياحة - باقة متوافقة مع الشريعة، ويُقدَّم بتكلفة مرتفعة مقابل أقصى مرونة بمقدم 20%. بمعدل ثابت 21.0% (متناقص 36.75%)، وفترة سداد من 6 إلى 12 شهرًا، السداد المبكر غير متاح، لذا يناسب من ينوي الاستمرار حتى نهاية المدة. تمويل من 25,000 إلى 1,000,000 جنيه.",25000,1000000,6,12,MONTHLY,21,36.75,,30000,,FALSE,20,0,0,TRUE
cmuub5j8pi252nza2qatote08,business-financing,tourism,TRAVEL,Omra - Staff,عمرة - الموظفون,"An employees-only Hajj, Umrah & tourism financing programme.",تمويل الحج والعمرة والسياحة - باقة الموظفين.,"An employees-only Hajj, Umrah & tourism financing programme, offered at our lowest financing cost with no down payment required. A 13.76% flat rate (24.5% declining), terms run 6–12 months, early settlement is available. Finance from EGP 25,000 up to EGP 1,000,000.","تمويل الحج والعمرة والسياحة - باقة الموظفين، ويُقدَّم بأقل تكلفة تمويل لدينا بدون مقدم. بمعدل ثابت 13.76% (متناقص 24.5%)، وفترة سداد من 6 إلى 12 شهرًا، مع إتاحة السداد المبكر. تمويل من 25,000 إلى 1,000,000 جنيه.",25000,1000000,6,12,MONTHLY,13.76,24.5,,0,,FALSE,0,0,0,TRUE
cmk6yscu1aehg7qynd3b9eux9,business-financing,tourism,TRAVEL,Omra - Offer,عمرة - عرض,"A limited promotional Hajj, Umrah & tourism financing offer.",تمويل الحج والعمرة والسياحة - عرض ترويجي محدود.,"A limited promotional Hajj, Umrah & tourism financing offer, offered at a premium cost reflecting maximum flexibility with a 20% down payment. A 21.0% flat rate (36.75% declining), terms run 6–12 months, early settlement isn't available, so it best suits customers planning to keep the facility to term. Finance from EGP 25,000 up to EGP 1,000,000.","تمويل الحج والعمرة والسياحة - عرض ترويجي محدود، ويُقدَّم بتكلفة مرتفعة مقابل أقصى مرونة بمقدم 20%. بمعدل ثابت 21.0% (متناقص 36.75%)، وفترة سداد من 6 إلى 12 شهرًا، السداد المبكر غير متاح، لذا يناسب من ينوي الاستمرار حتى نهاية المدة. تمويل من 25,000 إلى 1,000,000 جنيه.",25000,1000000,6,12,MONTHLY,21,36.75,,30000,,FALSE,20,0,0,TRUE
cmv9b4patib52brgvxdf5qrxg,business-financing,tourism,TRAVEL,Hij - premier,الحج - premier,"A premium (Premier) tier of Hajj, Umrah & tourism financing.",تمويل الحج والعمرة والسياحة - الفئة المميزة (بريمير).,"A premium (Premier) tier of Hajj, Umrah & tourism financing, offered at an above-average cost for added flexibility with a 20% down payment. A 19.81% flat rate (34.75% declining), terms run 6–60 months, early settlement isn't available, so it best suits customers planning to keep the facility to term. Finance from EGP 50,000 up to EGP 3,000,000.","تمويل الحج والعمرة والسياحة - الفئة المميزة (بريمير)، ويُقدَّم بتكلفة أعلى من المتوسط مقابل مرونة إضافية بمقدم 20%. بمعدل ثابت 19.81% (متناقص 34.75%)، وفترة سداد من 6 إلى 60 شهرًا، السداد المبكر غير متاح، لذا يناسب من ينوي الاستمرار حتى نهاية المدة. تمويل من 50,000 إلى 3,000,000 جنيه.",50000,3000000,6,60,MONTHLY,19.81,34.75,,30000,,FALSE,20,0,0,TRUE
cm9ut578xelrhukf1t5cg278g,business-financing,tourism,TRAVEL,Hij - Islamic,الحج - إسلامي,"A Sharia-compliant Hajj, Umrah & tourism financing option.",تمويل الحج والعمرة والسياحة - باقة متوافقة مع الشريعة.,"A Sharia-compliant Hajj, Umrah & tourism financing option, offered at a premium cost reflecting maximum flexibility with a 20% down payment. A 21.0% flat rate (36.75% declining), terms run 6–60 months, early settlement isn't available, so it best suits customers planning to keep the facility to term. Finance from EGP 50,000 up to EGP 3,000,000.","تمويل الحج والعمرة والسياحة - باقة متوافقة مع الشريعة، ويُقدَّم بتكلفة مرتفعة مقابل أقصى مرونة بمقدم 20%. بمعدل ثابت 21.0% (متناقص 36.75%)، وفترة سداد من 6 إلى 60 شهرًا، السداد المبكر غير متاح، لذا يناسب من ينوي الاستمرار حتى نهاية المدة. تمويل من 50,000 إلى 3,000,000 جنيه.",50000,3000000,6,60,MONTHLY,21,36.75,,30000,,FALSE,20,0,0,TRUE
cmirpglnjtb3idxkquvfel52m,business-financing,tourism,TRAVEL,Hij - Staff,الحج - الموظفون,"An employees-only Hajj, Umrah & tourism financing programme.",تمويل الحج والعمرة والسياحة - باقة الموظفين.,"An employees-only Hajj, Umrah & tourism financing programme, offered at our lowest financing cost with no down payment required. A 13.76% flat rate (24.5% declining), terms run 6–60 months, early settlement is available. Finance from EGP 50,000 up to EGP 3,000,000.","تمويل الحج والعمرة والسياحة - باقة الموظفين، ويُقدَّم بأقل تكلفة تمويل لدينا بدون مقدم. بمعدل ثابت 13.76% (متناقص 24.5%)، وفترة سداد من 6 إلى 60 شهرًا، مع إتاحة السداد المبكر. تمويل من 50,000 إلى 3,000,000 جنيه.",50000,3000000,6,60,MONTHLY,13.76,24.5,,0,,FALSE,0,0,0,TRUE
cm4ql084p7fh3u8ph21ez1m94,business-financing,tourism,TRAVEL,Hij - Offer,الحج - عرض,"A limited promotional Hajj, Umrah & tourism financing offer.",تمويل الحج والعمرة والسياحة - عرض ترويجي محدود.,"A limited promotional Hajj, Umrah & tourism financing offer, offered at a premium cost reflecting maximum flexibility with a 20% down payment. A 21.0% flat rate (36.75% declining), terms run 6–60 months, early settlement isn't available, so it best suits customers planning to keep the facility to term. Finance from EGP 50,000 up to EGP 3,000,000.","تمويل الحج والعمرة والسياحة - عرض ترويجي محدود، ويُقدَّم بتكلفة مرتفعة مقابل أقصى مرونة بمقدم 20%. بمعدل ثابت 21.0% (متناقص 36.75%)، وفترة سداد من 6 إلى 60 شهرًا، السداد المبكر غير متاح، لذا يناسب من ينوي الاستمرار حتى نهاية المدة. تمويل من 50,000 إلى 3,000,000 جنيه.",50000,3000000,6,60,MONTHLY,21,36.75,,30000,,FALSE,20,0,0,TRUE
cm0dnq63m6zuemnagxez89pi9,business-financing,tourism,TRAVEL,Tourism,Tourism,"A standard Hajj, Umrah & tourism financing option.",تمويل الحج والعمرة والسياحة - الباقة القياسية.,"A standard Hajj, Umrah & tourism financing option, offered at a premium cost reflecting maximum flexibility with a 20% down payment. A 21.0% flat rate (36.75% declining), terms run 6–36 months, early settlement is available. Finance from EGP 25,000 up to EGP 1,000,000.","تمويل الحج والعمرة والسياحة - الباقة القياسية، ويُقدَّم بتكلفة مرتفعة مقابل أقصى مرونة بمقدم 20%. بمعدل ثابت 21.0% (متناقص 36.75%)، وفترة سداد من 6 إلى 36 شهرًا، مع إتاحة السداد المبكر. تمويل من 25,000 إلى 1,000,000 جنيه.",25000,1000000,6,36,MONTHLY,21,36.75,,30000,,FALSE,20,5,10,TRUE
cmt7oev0048yj0herifv8yhx6,business-financing,tourism,TRAVEL,tourism - Offer,tourism - عرض,"A limited promotional Hajj, Umrah & tourism financing offer.",تمويل الحج والعمرة والسياحة - عرض ترويجي محدود.,"A limited promotional Hajj, Umrah & tourism financing offer, offered at an above-average cost for added flexibility with a 20% down payment. A 19.81% flat rate (34.75% declining), terms run 6–60 months, early settlement is available. Finance from EGP 50,000 up to EGP 3,000,000.","تمويل الحج والعمرة والسياحة - عرض ترويجي محدود، ويُقدَّم بتكلفة أعلى من المتوسط مقابل مرونة إضافية بمقدم 20%. بمعدل ثابت 19.81% (متناقص 34.75%)، وفترة سداد من 6 إلى 60 شهرًا، مع إتاحة السداد المبكر. تمويل من 50,000 إلى 3,000,000 جنيه.",50000,3000000,6,60,MONTHLY,19.81,34.75,,30000,,FALSE,20,10,0,TRUE
cmdmeybp6etd7wlm8vjz8z8ln,business-financing,mortgage,MORTGAGE,Mortgage - Home Finance,التمويل العقاري - تمويل المنزل,A standard home mortgage financing option.,التمويل العقاري - الباقة القياسية.,"A standard home mortgage financing option, offered at a competitive financing cost with a 25% down payment. A 15.07% flat rate (26.75% declining), terms run 12–120 months, early settlement is available. Finance from EGP 50,000 up to EGP 10,000,000.","التمويل العقاري - الباقة القياسية، ويُقدَّم بتكلفة تمويل تنافسية بمقدم 25%. بمعدل ثابت 15.07% (متناقص 26.75%)، وفترة سداد من 12 إلى 120 شهرًا، مع إتاحة السداد المبكر. تمويل من 50,000 إلى 10,000,000 جنيه.",50000,10000000,12,120,MONTHLY,15.07,26.75,,0,,FALSE,25,2,10,TRUE
cms59wdmmt3lgr3mop20f3d5n,business-financing,mortgage,MORTGAGE,Mortgage - Home Finance - Corporate,التمويل العقاري - تمويل المنزل - الشركات,A home mortgage financing option built for corporate and business customers.,التمويل العقاري - باقة الشركات.,"A home mortgage financing option built for corporate and business customers, offered at a competitive financing cost with a 20% down payment. A 15.07% flat rate (26.75% declining), terms run 12–120 months, early settlement is available. Finance from EGP 50,000 up to EGP 10,000,000.","التمويل العقاري - باقة الشركات، ويُقدَّم بتكلفة تمويل تنافسية بمقدم 20%. بمعدل ثابت 15.07% (متناقص 26.75%)، وفترة سداد من 12 إلى 120 شهرًا، مع إتاحة السداد المبكر. تمويل من 50,000 إلى 10,000,000 جنيه.",50000,10000000,12,120,MONTHLY,15.07,26.75,,0,,FALSE,20,1,10,TRUE
cmaglx4pw0lxqq41zrfeh51x3,business-financing,mortgage,MORTGAGE,Mortgage - Home Finance - Staff,التمويل العقاري - تمويل المنزل - الموظفون,An employees-only home mortgage financing programme.,التمويل العقاري - باقة الموظفين.,"An employees-only home mortgage financing programme, offered at our lowest financing cost with a 20% down payment. A 12.6% flat rate (22.5% declining), terms run 12–120 months, early settlement is available. Finance from EGP 50,000 up to EGP 10,000,000.","التمويل العقاري - باقة الموظفين، ويُقدَّم بأقل تكلفة تمويل لدينا بمقدم 20%. بمعدل ثابت 12.6% (متناقص 22.5%)، وفترة سداد من 12 إلى 120 شهرًا، مع إتاحة السداد المبكر. تمويل من 50,000 إلى 10,000,000 جنيه.",50000,10000000,12,120,MONTHLY,12.6,22.5,,0,,FALSE,20,0,0,TRUE
cm0y3tviuj2xfmxo26u0vtzpd,business-financing,mortgage,MORTGAGE,Mortgage - Home Finance -Premier,التمويل العقاري - تمويل المنزل - بريمير,A premium (Premier) tier of home mortgage financing.,التمويل العقاري - الفئة المميزة (بريمير).,"A premium (Premier) tier of home mortgage financing, offered at our lowest financing cost with a 25% down payment. A 14.49% flat rate (25.75% declining), terms run 12–120 months, early settlement is available. Finance from EGP 50,000 up to EGP 10,000,000.","التمويل العقاري - الفئة المميزة (بريمير)، ويُقدَّم بأقل تكلفة تمويل لدينا بمقدم 25%. بمعدل ثابت 14.49% (متناقص 25.75%)، وفترة سداد من 12 إلى 120 شهرًا، مع إتاحة السداد المبكر. تمويل من 50,000 إلى 10,000,000 جنيه.",50000,10000000,12,120,MONTHLY,14.49,25.75,,0,,FALSE,25,2,10,TRUE
cmdh3gyqgcgefz0col752uu3u,business-financing,mortgage,MORTGAGE,Mortgage - Home Equity - Flexible,التمويل العقاري - Home Equity - المرنة,A standard home mortgage financing option.,التمويل العقاري - الباقة القياسية.,"A standard home mortgage financing option, offered at an above-average cost for added flexibility with no down payment required. A 18.91% flat rate (33.25% declining), terms run 12–84 months, early settlement is available. Finance from EGP 50,000 up to EGP 10,000,000.","التمويل العقاري - الباقة القياسية، ويُقدَّم بتكلفة أعلى من المتوسط مقابل مرونة إضافية بدون مقدم. بمعدل ثابت 18.91% (متناقص 33.25%)، وفترة سداد من 12 إلى 84 شهرًا، مع إتاحة السداد المبكر. تمويل من 50,000 إلى 10,000,000 جنيه.",50000,10000000,12,84,MONTHLY,18.91,33.25,,0,,FALSE,0,0,10,TRUE
cmoh7pc710oyr7rnk8pxpp24e,business-financing,mortgage,MORTGAGE,Mortgage - Home Equity - Economy,التمويل العقاري - Home Equity - الاقتصادية,A standard home mortgage financing option.,التمويل العقاري - الباقة القياسية.,"A standard home mortgage financing option, offered at a mid-range cost with no down payment required. A 17.01% flat rate (30.05% declining), terms run 12–84 months, early settlement is available. Finance from EGP 50,000 up to EGP 10,000,000.","التمويل العقاري - الباقة القياسية، ويُقدَّم بتكلفة متوسطة بدون مقدم. بمعدل ثابت 17.01% (متناقص 30.05%)، وفترة سداد من 12 إلى 84 شهرًا، مع إتاحة السداد المبكر. تمويل من 50,000 إلى 10,000,000 جنيه.",50000,10000000,12,84,MONTHLY,17.01,30.05,,0,,FALSE,0,3,10,TRUE
cmoi9csywevccj4vde2itgdhr,business-financing,mortgage,MORTGAGE,Mortgage - Home Equity - Staff,التمويل العقاري - Home Equity - الموظفون,An employees-only home mortgage financing programme.,التمويل العقاري - باقة الموظفين.,"An employees-only home mortgage financing programme, offered at our lowest financing cost with no down payment required. A 12.6% flat rate (22.5% declining), terms run 12–84 months, early settlement is available. Finance from EGP 50,000 up to EGP 10,000,000.","التمويل العقاري - باقة الموظفين، ويُقدَّم بأقل تكلفة تمويل لدينا بدون مقدم. بمعدل ثابت 12.6% (متناقص 22.5%)، وفترة سداد من 12 إلى 84 شهرًا، مع إتاحة السداد المبكر. تمويل من 50,000 إلى 10,000,000 جنيه.",50000,10000000,12,84,MONTHLY,12.6,22.5,,0,,FALSE,0,0,10,TRUE
cmyp4rg19vbctljqj17yx6c0m,business-financing,mortgage,MORTGAGE,Mortgage - Home Equity - Premier,التمويل العقاري - Home Equity - بريمير,A premium (Premier) tier of home mortgage financing.,التمويل العقاري - الفئة المميزة (بريمير).,"A premium (Premier) tier of home mortgage financing, offered at a mid-range cost with no down payment required. A 17.01% flat rate (30.05% declining), terms run 12–84 months, early settlement is available. Finance from EGP 50,000 up to EGP 10,000,000.","التمويل العقاري - الفئة المميزة (بريمير)، ويُقدَّم بتكلفة متوسطة بدون مقدم. بمعدل ثابت 17.01% (متناقص 30.05%)، وفترة سداد من 12 إلى 84 شهرًا، مع إتاحة السداد المبكر. تمويل من 50,000 إلى 10,000,000 جنيه.",50000,10000000,12,84,MONTHLY,17.01,30.05,,0,,FALSE,0,0,10,TRUE
cm8x4uox34lmrms5v1uy2inrj,business-financing,mortgage,MORTGAGE,Mortgage - Finishing Works - Coldwell Banker,التمويل العقاري - Finishing Works - Coldwell Banker,A standard home mortgage financing option.,التمويل العقاري - الباقة القياسية.,"A standard home mortgage financing option, offered at a competitive financing cost with no down payment required. A 16.13% flat rate (28.55% declining), terms run 12–60 months, early settlement is available. Finance from EGP 50,000 up to EGP 10,000,000.","التمويل العقاري - الباقة القياسية، ويُقدَّم بتكلفة تمويل تنافسية بدون مقدم. بمعدل ثابت 16.13% (متناقص 28.55%)، وفترة سداد من 12 إلى 60 شهرًا، مع إتاحة السداد المبكر. تمويل من 50,000 إلى 10,000,000 جنيه.",50000,10000000,12,60,MONTHLY,16.13,28.55,,0,,FALSE,0,3,10,TRUE
cm9hp6iz3xujnhbj0n7th4nbn,business-financing,mortgage,MORTGAGE,Mortgage - Home Equity - Prime Corp. Staff,التمويل العقاري - Home Equity - Prime Corp. الموظفون,An employees-only home mortgage financing programme.,التمويل العقاري - باقة الموظفين.,"An employees-only home mortgage financing programme, offered at a competitive financing cost with no down payment required. A 15.66% flat rate (27.75% declining), terms run 12–84 months, early settlement is available. Finance from EGP 50,000 up to EGP 10,000,000.","التمويل العقاري - باقة الموظفين، ويُقدَّم بتكلفة تمويل تنافسية بدون مقدم. بمعدل ثابت 15.66% (متناقص 27.75%)، وفترة سداد من 12 إلى 84 شهرًا، مع إتاحة السداد المبكر. تمويل من 50,000 إلى 10,000,000 جنيه.",50000,10000000,12,84,MONTHLY,15.66,27.75,,0,,FALSE,0,3,10,TRUE
cmq9g5pyv6zwaq59hc6vtywwc,business-financing,mortgage,MORTGAGE,Mortgage - Commercial Finance,التمويل العقاري - Commercial Finance,A standard home mortgage financing option.,التمويل العقاري - الباقة القياسية.,"A standard home mortgage financing option, offered at a competitive financing cost with a 25% down payment. A 15.07% flat rate (26.75% declining), terms run 12–120 months, early settlement is available. Finance from EGP 50,000 up to EGP 10,000,000.","التمويل العقاري - الباقة القياسية، ويُقدَّم بتكلفة تمويل تنافسية بمقدم 25%. بمعدل ثابت 15.07% (متناقص 26.75%)، وفترة سداد من 12 إلى 120 شهرًا، مع إتاحة السداد المبكر. تمويل من 50,000 إلى 10,000,000 جنيه.",50000,10000000,12,120,MONTHLY,15.07,26.75,,0,,FALSE,25,2,10,TRUE
cm1lu7juar8ln3ghz087l9mhg,business-financing,mortgage,MORTGAGE,Mortgage - Commercial Equity - Flexible,التمويل العقاري - Commercial Equity - المرنة,A standard home mortgage financing option.,التمويل العقاري - الباقة القياسية.,"A standard home mortgage financing option, offered at an above-average cost for added flexibility with no down payment required. A 18.91% flat rate (33.25% declining), terms run 12–84 months, early settlement is available. Finance from EGP 50,000 up to EGP 10,000,000.","التمويل العقاري - الباقة القياسية، ويُقدَّم بتكلفة أعلى من المتوسط مقابل مرونة إضافية بدون مقدم. بمعدل ثابت 18.91% (متناقص 33.25%)، وفترة سداد من 12 إلى 84 شهرًا، مع إتاحة السداد المبكر. تمويل من 50,000 إلى 10,000,000 جنيه.",50000,10000000,12,84,MONTHLY,18.91,33.25,,0,,FALSE,0,0,10,TRUE
cmpx7mac8f8vb1vcsh8qlzztb,business-financing,mortgage,MORTGAGE,Mortgage - Commercial Equity - Economy,التمويل العقاري - Commercial Equity - الاقتصادية,A standard home mortgage financing option.,التمويل العقاري - الباقة القياسية.,"A standard home mortgage financing option, offered at a mid-range cost with no down payment required. A 17.01% flat rate (30.05% declining), terms run 12–84 months, early settlement is available. Finance from EGP 50,000 up to EGP 10,000,000.","التمويل العقاري - الباقة القياسية، ويُقدَّم بتكلفة متوسطة بدون مقدم. بمعدل ثابت 17.01% (متناقص 30.05%)، وفترة سداد من 12 إلى 84 شهرًا، مع إتاحة السداد المبكر. تمويل من 50,000 إلى 10,000,000 جنيه.",50000,10000000,12,84,MONTHLY,17.01,30.05,,0,,FALSE,0,3,10,TRUE
cma0mj09x6bnq47x5afb4xyc4,business-financing,leasing,LEASING,Passenger Vehicles & Commercial Vehicles,سيارات الركوب والمركبات التجارية,A standard finance lease option.,التأجير التمويلي - الباقة القياسية.,"A standard finance lease option, offered at a competitive financing cost with a low 10% down payment. A 16.42% flat rate (29.05% declining), terms run 12–60 months, early settlement is available. Finance from EGP 50,000 up to EGP 15,000,000.","التأجير التمويلي - الباقة القياسية، ويُقدَّم بتكلفة تمويل تنافسية بمقدم منخفض 10%. بمعدل ثابت 16.42% (متناقص 29.05%)، وفترة سداد من 12 إلى 60 شهرًا، مع إتاحة السداد المبكر. تمويل من 50,000 إلى 15,000,000 جنيه.",50000,15000000,12,60,MONTHLY,16.42,29.05,,0,,,10,,2,TRUE
cm5hno4szrgr91o44ui7cwim0,business-financing,leasing,LEASING,Economy,الاقتصادية,A standard finance lease option.,التأجير التمويلي - الباقة القياسية.,"A standard finance lease option, offered at a competitive financing cost with a low 10% down payment. A 16.42% flat rate (29.05% declining), terms run 12–60 months, early settlement is available. Finance from EGP 50,000 up to EGP 15,000,000.","التأجير التمويلي - الباقة القياسية، ويُقدَّم بتكلفة تمويل تنافسية بمقدم منخفض 10%. بمعدل ثابت 16.42% (متناقص 29.05%)، وفترة سداد من 12 إلى 60 شهرًا، مع إتاحة السداد المبكر. تمويل من 50,000 إلى 15,000,000 جنيه.",50000,15000000,12,60,MONTHLY,16.42,29.05,,0,,,10,,2,TRUE
cm26v6nz4jgkr2t8ds7lt2ojx,business-financing,leasing,LEASING,Economy With Life,الاقتصادية بتأمين حياة,A standard finance lease option.,التأجير التمويلي - الباقة القياسية.,"A standard finance lease option, offered at a mid-range cost with a low 10% down payment. A 16.88% flat rate (29.82% declining), terms run 12–60 months, early settlement is available. Finance from EGP 50,000 up to EGP 10,000,000.","التأجير التمويلي - الباقة القياسية، ويُقدَّم بتكلفة متوسطة بمقدم منخفض 10%. بمعدل ثابت 16.88% (متناقص 29.82%)، وفترة سداد من 12 إلى 60 شهرًا، مع إتاحة السداد المبكر. تمويل من 50,000 إلى 10,000,000 جنيه.",50000,10000000,12,60,MONTHLY,16.88,29.82,,0,,,10,,2,TRUE
cmcu5lypn6ur8w7xap3jow0xg,business-financing,leasing,LEASING,Flexible,المرنة,A standard finance lease option.,التأجير التمويلي - الباقة القياسية.,"A standard finance lease option, offered at a mid-range cost with a low 10% down payment. A 17.0% flat rate (30.03% declining), terms run 12–60 months, early settlement is available. Finance from EGP 50,000 up to EGP 15,000,000.","التأجير التمويلي - الباقة القياسية، ويُقدَّم بتكلفة متوسطة بمقدم منخفض 10%. بمعدل ثابت 17.0% (متناقص 30.03%)، وفترة سداد من 12 إلى 60 شهرًا، مع إتاحة السداد المبكر. تمويل من 50,000 إلى 15,000,000 جنيه.",50000,15000000,12,60,MONTHLY,17,30.03,,0,,,10,,2,TRUE
cmf55do5d1vu26pbz3h4la28d,business-financing,leasing,LEASING,Flexible With Life,المرنة بتأمين حياة,A standard finance lease option.,التأجير التمويلي - الباقة القياسية.,"A standard finance lease option, offered at a mid-range cost with a low 10% down payment. A 17.46% flat rate (30.8% declining), terms run 12–60 months, early settlement is available. Finance from EGP 50,000 up to EGP 10,000,000.","التأجير التمويلي - الباقة القياسية، ويُقدَّم بتكلفة متوسطة بمقدم منخفض 10%. بمعدل ثابت 17.46% (متناقص 30.8%)، وفترة سداد من 12 إلى 60 شهرًا، مع إتاحة السداد المبكر. تمويل من 50,000 إلى 10,000,000 جنيه.",50000,10000000,12,60,MONTHLY,17.46,30.8,,0,,,10,,2,TRUE
cmyvrpjwlesa30h45w76vapjp,business-financing,leasing,LEASING,Medical Devices,الأجهزة الطبية,A standard finance lease option.,التأجير التمويلي - الباقة القياسية.,"A standard finance lease option, offered at a competitive financing cost with a low 10% down payment. A 15.07% flat rate (26.75% declining), terms run 12–60 months, early settlement is available. Finance from EGP 50,000 up to EGP 15,000,000.","التأجير التمويلي - الباقة القياسية، ويُقدَّم بتكلفة تمويل تنافسية بمقدم منخفض 10%. بمعدل ثابت 15.07% (متناقص 26.75%)، وفترة سداد من 12 إلى 60 شهرًا، مع إتاحة السداد المبكر. تمويل من 50,000 إلى 15,000,000 جنيه.",50000,15000000,12,60,MONTHLY,15.07,26.75,,0,,,10,,,TRUE
cmt2o0rq9mpdsmc3empx6dcqt,business-financing,leasing,LEASING,Medical Economy,الطبية الاقتصادية,A standard finance lease option.,التأجير التمويلي - الباقة القياسية.,"A standard finance lease option, offered at a competitive financing cost with a low 10% down payment. A 15.07% flat rate (26.75% declining), terms run 12–60 months, early settlement is available. Finance from EGP 50,000 up to EGP 15,000,000.","التأجير التمويلي - الباقة القياسية، ويُقدَّم بتكلفة تمويل تنافسية بمقدم منخفض 10%. بمعدل ثابت 15.07% (متناقص 26.75%)، وفترة سداد من 12 إلى 60 شهرًا، مع إتاحة السداد المبكر. تمويل من 50,000 إلى 15,000,000 جنيه.",50000,15000000,12,60,MONTHLY,15.07,26.75,,0,,,10,,,TRUE
cmwvs13hmc6bbob0uwyijuuwb,business-financing,leasing,LEASING,Medical Economy With Life,الطبية الاقتصادية بتأمين حياة,A standard finance lease option.,التأجير التمويلي - الباقة القياسية.,"A standard finance lease option, offered at a competitive financing cost with a low 10% down payment. A 15.53% flat rate (27.52% declining), terms run 12–60 months, early settlement is available. Finance from EGP 50,000 up to EGP 10,000,000.","التأجير التمويلي - الباقة القياسية، ويُقدَّم بتكلفة تمويل تنافسية بمقدم منخفض 10%. بمعدل ثابت 15.53% (متناقص 27.52%)، وفترة سداد من 12 إلى 60 شهرًا، مع إتاحة السداد المبكر. تمويل من 50,000 إلى 10,000,000 جنيه.",50000,10000000,12,60,MONTHLY,15.53,27.52,,0,,,10,,,TRUE
cmugpwooa3u1nobds5kgb5t0n,business-financing,leasing,LEASING,Medical Tooth Pick With Life,طب الأسنان بتأمين حياة,A standard finance lease option.,التأجير التمويلي - الباقة القياسية.,"A standard finance lease option, offered at a competitive financing cost with a low 10% down payment. A 15.2% flat rate (26.96% declining), terms run 12–60 months, early settlement is available. Finance from EGP 50,000 up to EGP 3,000,000.","التأجير التمويلي - الباقة القياسية، ويُقدَّم بتكلفة تمويل تنافسية بمقدم منخفض 10%. بمعدل ثابت 15.2% (متناقص 26.96%)، وفترة سداد من 12 إلى 60 شهرًا، مع إتاحة السداد المبكر. تمويل من 50,000 إلى 3,000,000 جنيه.",50000,3000000,12,60,MONTHLY,15.2,26.96,,0,,,10,,,TRUE
cmjgqpbarhvbnvi8jzetjyf6v,business-financing,leasing,LEASING,Other Machinery & Equipment,آلات ومعدات أخرى,A standard finance lease option.,التأجير التمويلي - الباقة القياسية.,"A standard finance lease option, offered at a competitive financing cost with a low 10% down payment. A 16.42% flat rate (29.05% declining), terms run 12–60 months, early settlement is available. Finance from EGP 50,000 up to EGP 15,000,000.","التأجير التمويلي - الباقة القياسية، ويُقدَّم بتكلفة تمويل تنافسية بمقدم منخفض 10%. بمعدل ثابت 16.42% (متناقص 29.05%)، وفترة سداد من 12 إلى 60 شهرًا، مع إتاحة السداد المبكر. تمويل من 50,000 إلى 15,000,000 جنيه.",50000,15000000,12,60,MONTHLY,16.42,29.05,,0,,,10,,,TRUE
cmdnbymjiftvpxncbrf5m5kis,business-financing,leasing,LEASING,Flexible (New Client),المرنة (الجديدة Client),A standard finance lease option.,التأجير التمويلي - الباقة القياسية.,"A standard finance lease option, offered at a mid-range cost with a larger 30% down payment that lowers your total financing. A 17.0% flat rate (30.03% declining), insurance is required, early settlement is available.","التأجير التمويلي - الباقة القياسية، ويُقدَّم بتكلفة متوسطة بمقدم أكبر 30% يقلّل إجمالي التمويل. بمعدل ثابت 17.0% (متناقص 30.03%)، ويُشترط وجود تأمين، مع إتاحة السداد المبكر.",,,,,MONTHLY,17,30.03,,0,,TRUE,30,,2,TRUE
cmcavu9qcosfr052oufk8i9q7,business-financing,leasing,LEASING,Flexible (Existing Client),المرنة (Existing Client),A standard finance lease option.,التأجير التمويلي - الباقة القياسية.,"A standard finance lease option, offered at a mid-range cost with a low 10% down payment. A 17.0% flat rate (30.03% declining), early settlement is available.","التأجير التمويلي - الباقة القياسية، ويُقدَّم بتكلفة متوسطة بمقدم منخفض 10%. بمعدل ثابت 17.0% (متناقص 30.03%)، مع إتاحة السداد المبكر.",,,,,MONTHLY,17,30.03,,0,,,10,,2,TRUE
cm0zt2m5qwydynhkczhzio7q7,business-financing,leasing,LEASING,Flexible With Life (New Client),المرنة بتأمين حياة (الجديدة Client),A standard finance lease option.,التأجير التمويلي - الباقة القياسية.,"A standard finance lease option, offered at a mid-range cost with a larger 30% down payment that lowers your total financing. A 17.46% flat rate (30.8% declining), early settlement is available.","التأجير التمويلي - الباقة القياسية، ويُقدَّم بتكلفة متوسطة بمقدم أكبر 30% يقلّل إجمالي التمويل. بمعدل ثابت 17.46% (متناقص 30.8%)، مع إتاحة السداد المبكر.",,,,,MONTHLY,17.46,30.8,,0,,,30,,2,TRUE
cmv3de1eh70sakpt8x89dxsnk,business-financing,leasing,LEASING,Flexible With Life (Existing Client),المرنة بتأمين حياة (Existing Client),A standard finance lease option.,التأجير التمويلي - الباقة القياسية.,"A standard finance lease option, offered at a mid-range cost with a low 10% down payment. A 17.46% flat rate (30.8% declining), early settlement is available.","التأجير التمويلي - الباقة القياسية، ويُقدَّم بتكلفة متوسطة بمقدم منخفض 10%. بمعدل ثابت 17.46% (متناقص 30.8%)، مع إتاحة السداد المبكر.",,,,,MONTHLY,17.46,30.8,,0,,,10,,2,TRUE
